0 verbose cli C:\Program Files\nodejs\node.exe C:\Users\admin\AppData\Roaming\npm\node_modules\npm\bin\npm-cli.js
1 info using npm@11.6.4
2 info using node@v24.11.1
3 silly config load:file:C:\Users\admin\AppData\Roaming\npm\node_modules\npm\npmrc
4 silly config load:file:D:\Hackathons\Jynex\AgriSetu\.npmrc
5 silly config load:file:C:\Users\admin\.npmrc
6 silly config load:file:C:\Users\admin\AppData\Roaming\npm\etc\npmrc
7 verbose title npm install @react-native-community/cli
8 verbose argv "install" "--save-dev" "@react-native-community/cli" "--legacy-peer-deps"
9 verbose logfile logs-max:10 dir:D:\Hackathons\Jynex\AgriSetu\.npm-cache\_logs\2026-08-27T10_06_51_515Z-
10 verbose logfile D:\Hackathons\Jynex\AgriSetu\.npm-cache\_logs\2026-08-27T10_06_51_515Z-debug-0.log
11 silly logfile start cleaning logs, removing 1 files
12 silly packumentCache heap:4496293888 maxSize:1124073472 maxEntrySize:562036736
13 silly logfile done cleaning log files
14 silly idealTree buildDeps
15 silly fetch manifest @react-native-community/cli@*
16 silly packumentCache full:https://registry.npmjs.org/@react-native-community%2fcli cache-miss
17 http fetch GET 200 https://registry.npmjs.org/@react-native-community%2fcli 1834ms (cache miss)
18 silly packumentCache full:https://registry.npmjs.org/@react-native-community%2fcli set size:undefined disposed:false
19 silly placeDep ROOT @react-native-community/cli@20.2.0 OK for: agrisetu@1.0.0 want: *
20 silly fetch manifest @react-native-community/cli-clean@20.2.0
21 silly packumentCache full:https://registry.npmjs.org/@react-native-community%2fcli-clean cache-miss
22 silly fetch manifest @react-native-community/cli-config@20.2.0
23 silly packumentCache full:https://registry.npmjs.org/@react-native-community%2fcli-config cache-miss
24 silly fetch manifest @react-native-community/cli-doctor@20.2.0
25 silly packumentCache full:https://registry.npmjs.org/@react-native-community%2fcli-doctor cache-miss
26 silly fetch manifest @react-native-community/cli-server-api@20.2.0
27 silly packumentCache full:https://registry.npmjs.org/@react-native-community%2fcli-server-api cache-miss
28 silly fetch manifest @react-native-community/cli-tools@20.2.0
29 silly packumentCache full:https://registry.npmjs.org/@react-native-community%2fcli-tools cache-miss
30 silly fetch manifest @react-native-community/cli-types@20.2.0
31 silly packumentCache full:https://registry.npmjs.org/@react-native-community%2fcli-types cache-miss
32 silly fetch manifest commander@^9.4.1
33 silly packumentCache full:https://registry.npmjs.org/commander cache-miss
34 http fetch GET 200 https://registry.npmjs.org/commander 494ms (cache miss)
35 silly packumentCache full:https://registry.npmjs.org/commander set size:undefined disposed:false
36 silly fetch manifest execa@^5.0.0
37 silly packumentCache full:https://registry.npmjs.org/execa cache-miss
38 http fetch GET 200 https://registry.npmjs.org/execa 183ms (cache miss)
39 silly packumentCache full:https://registry.npmjs.org/execa set size:undefined disposed:false
40 silly fetch manifest find-up@^5.0.0
41 silly packumentCache full:https://registry.npmjs.org/find-up cache-miss
42 http fetch GET 200 https://registry.npmjs.org/find-up 118ms (cache miss)
43 silly packumentCache full:https://registry.npmjs.org/find-up set size:undefined disposed:false
44 silly fetch manifest fs-extra@^8.1.0
45 silly packumentCache full:https://registry.npmjs.org/fs-extra cache-miss
46 http fetch GET 200 https://registry.npmjs.org/@react-native-community%2fcli-clean 872ms (cache miss)
47 silly packumentCache full:https://registry.npmjs.org/@react-native-community%2fcli-clean set size:undefined disposed:false
48 http fetch GET 200 https://registry.npmjs.org/fs-extra 401ms (cache miss)
49 silly packumentCache full:https://registry.npmjs.org/fs-extra set size:undefined disposed:false
50 http fetch GET 200 https://registry.npmjs.org/@react-native-community%2fcli-config 1260ms (cache miss)
51 silly packumentCache full:https://registry.npmjs.org/@react-native-community%2fcli-config set size:undefined disposed:false
52 http fetch GET 200 https://registry.npmjs.org/@react-native-community%2fcli-server-api 1293ms (cache miss)
53 silly packumentCache full:https://registry.npmjs.org/@react-native-community%2fcli-server-api set size:undefined disposed:false
54 http fetch GET 200 https://registry.npmjs.org/@react-native-community%2fcli-tools 1305ms (cache miss)
55 silly packumentCache full:https://registry.npmjs.org/@react-native-community%2fcli-tools set size:undefined disposed:false
56 http fetch GET 200 https://registry.npmjs.org/@react-native-community%2fcli-types 1333ms (cache miss)
57 silly packumentCache full:https://registry.npmjs.org/@react-native-community%2fcli-types set size:undefined disposed:false
58 http fetch GET 200 https://registry.npmjs.org/@react-native-community%2fcli-doctor 1358ms (cache miss)
59 silly packumentCache full:https://registry.npmjs.org/@react-native-community%2fcli-doctor set size:undefined disposed:false
60 silly placeDep ROOT @react-native-community/cli-clean@20.2.0 OK for: @react-native-community/cli@20.2.0 want: 20.2.0
61 silly placeDep ROOT @react-native-community/cli-config@20.2.0 OK for: @react-native-community/cli@20.2.0 want: 20.2.0
62 silly placeDep ROOT @react-native-community/cli-doctor@20.2.0 OK for: @react-native-community/cli@20.2.0 want: 20.2.0
63 silly placeDep ROOT @react-native-community/cli-server-api@20.2.0 OK for: @react-native-community/cli@20.2.0 want: 20.2.0
64 silly placeDep ROOT @react-native-community/cli-tools@20.2.0 OK for: @react-native-community/cli@20.2.0 want: 20.2.0
65 silly placeDep ROOT @react-native-community/cli-types@20.2.0 OK for: @react-native-community/cli@20.2.0 want: 20.2.0
66 silly placeDep node_modules/@react-native-community/cli commander@9.5.0 OK for: @react-native-community/cli@20.2.0 want: ^9.4.1
67 silly placeDep ROOT execa@5.1.1 OK for: @react-native-community/cli@20.2.0 want: ^5.0.0
68 silly placeDep ROOT find-up@5.0.0 OK for: @react-native-community/cli@20.2.0 want: ^5.0.0
69 silly placeDep ROOT fs-extra@8.1.0 OK for: @react-native-community/cli@20.2.0 want: ^8.1.0
70 silly fetch manifest fast-glob@^3.3.2
71 silly packumentCache full:https://registry.npmjs.org/fast-glob cache-miss
72 silly fetch manifest cosmiconfig@^9.0.0
73 silly packumentCache full:https://registry.npmjs.org/cosmiconfig cache-miss
74 silly fetch manifest fast-glob@^3.3.2
75 silly packumentCache full:https://registry.npmjs.org/fast-glob cache-miss
76 silly fetch manifest joi@^17.2.1
77 silly packumentCache full:https://registry.npmjs.org/joi cache-miss
78 silly fetch manifest @react-native-community/cli-platform-android@20.2.0
79 silly packumentCache full:https://registry.npmjs.org/@react-native-community%2fcli-platform-android cache-miss
80 silly fetch manifest @react-native-community/cli-platform-apple@20.2.0
81 silly packumentCache full:https://registry.npmjs.org/@react-native-community%2fcli-platform-apple cache-miss
82 silly fetch manifest @react-native-community/cli-platform-ios@20.2.0
83 silly packumentCache full:https://registry.npmjs.org/@react-native-community%2fcli-platform-ios cache-miss
84 http fetch GET 200 https://registry.npmjs.org/fast-glob 159ms (cache miss)
85 silly packumentCache full:https://registry.npmjs.org/fast-glob set size:undefined disposed:false
86 silly fetch manifest command-exists@^1.2.8
87 silly packumentCache full:https://registry.npmjs.org/command-exists cache-miss
88 http fetch GET 200 https://registry.npmjs.org/fast-glob 165ms (cache miss)
89 silly packumentCache full:https://registry.npmjs.org/fast-glob set size:undefined disposed:false
90 silly fetch manifest envinfo@^7.13.0
91 silly packumentCache full:https://registry.npmjs.org/envinfo cache-miss
92 http fetch GET 200 https://registry.npmjs.org/joi 410ms (cache miss)
93 silly packumentCache full:https://registry.npmjs.org/joi set size:undefined disposed:false
94 silly fetch manifest node-stream-zip@^1.9.1
95 silly packumentCache full:https://registry.npmjs.org/node-stream-zip cache-miss
96 http fetch GET 200 https://registry.npmjs.org/cosmiconfig 428ms (cache miss)
97 silly packumentCache full:https://registry.npmjs.org/cosmiconfig set size:undefined disposed:false
98 silly fetch manifest ora@^5.4.1
99 silly packumentCache full:https://registry.npmjs.org/ora cache-miss
100 http fetch GET 200 https://registry.npmjs.org/command-exists 381ms (cache miss)
101 silly packumentCache full:https://registry.npmjs.org/command-exists set size:undefined disposed:false
102 silly fetch manifest body-parser@^2.2.2
103 silly packumentCache full:https://registry.npmjs.org/body-parser cache-miss
104 http fetch GET 200 https://registry.npmjs.org/envinfo 382ms (cache miss)
105 silly packumentCache full:https://registry.npmjs.org/envinfo set size:undefined disposed:false
106 silly fetch manifest errorhandler@^1.5.1
107 silly packumentCache full:https://registry.npmjs.org/errorhandler cache-miss
108 http fetch GET 200 https://registry.npmjs.org/body-parser 150ms (cache miss)
109 silly packumentCache full:https://registry.npmjs.org/body-parser set size:undefined disposed:false
110 silly fetch manifest nocache@^3.0.1
111 silly packumentCache full:https://registry.npmjs.org/nocache cache-miss
112 http fetch GET 200 https://registry.npmjs.org/ora 367ms (cache miss)
113 silly packumentCache full:https://registry.npmjs.org/ora set size:undefined disposed:false
114 silly fetch manifest open@^6.2.0
115 silly packumentCache full:https://registry.npmjs.org/open cache-miss
116 http fetch GET 200 https://registry.npmjs.org/node-stream-zip 392ms (cache miss)
117 silly packumentCache full:https://registry.npmjs.org/node-stream-zip set size:undefined disposed:false
118 silly fetch manifest ws@^6.2.3
119 silly packumentCache full:https://registry.npmjs.org/ws cache-miss
120 http fetch GET 200 https://registry.npmjs.org/@react-native-community%2fcli-platform-apple 825ms (cache miss)
121 silly packumentCache full:https://registry.npmjs.org/@react-native-community%2fcli-platform-apple set size:undefined disposed:false
122 silly fetch manifest @vscode/sudo-prompt@^9.0.0
123 silly packumentCache full:https://registry.npmjs.org/@vscode%2fsudo-prompt cache-miss
124 http fetch GET 200 https://registry.npmjs.org/errorhandler 352ms (cache miss)
125 silly packumentCache full:https://registry.npmjs.org/errorhandler set size:undefined disposed:false
126 silly fetch manifest appdirsjs@^1.2.4
127 silly packumentCache full:https://registry.npmjs.org/appdirsjs cache-miss
128 http fetch GET 200 https://registry.npmjs.org/open 135ms (cache miss)
129 silly packumentCache full:https://registry.npmjs.org/open set size:undefined disposed:false
130 silly fetch manifest launch-editor@^2.9.1
131 silly packumentCache full:https://registry.npmjs.org/launch-editor cache-miss
132 http fetch GET 200 https://registry.npmjs.org/@react-native-community%2fcli-platform-ios 952ms (cache miss)
133 silly packumentCache full:https://registry.npmjs.org/@react-native-community%2fcli-platform-ios set size:undefined disposed:false
134 silly fetch manifest mime@^2.4.1
135 silly packumentCache full:https://registry.npmjs.org/mime cache-miss
136 http fetch GET 200 https://registry.npmjs.org/ws 169ms (cache miss)
137 silly packumentCache full:https://registry.npmjs.org/ws set size:undefined disposed:false
138 silly fetch manifest onetime@^5.1.2
139 silly packumentCache full:https://registry.npmjs.org/onetime cache-miss
140 http fetch GET 200 https://registry.npmjs.org/@react-native-community%2fcli-platform-android 1006ms (cache miss)
141 silly packumentCache full:https://registry.npmjs.org/@react-native-community%2fcli-platform-android set size:undefined disposed:false
142 silly fetch manifest is-stream@^2.0.0
143 silly packumentCache full:https://registry.npmjs.org/is-stream cache-miss
144 http fetch GET 200 https://registry.npmjs.org/nocache 344ms (cache miss)
145 silly packumentCache full:https://registry.npmjs.org/nocache set size:undefined disposed:false
146 silly fetch manifest get-stream@^6.0.0
147 silly packumentCache full:https://registry.npmjs.org/get-stream cache-miss
148 http fetch GET 200 https://registry.npmjs.org/onetime 126ms (cache miss)
149 silly packumentCache full:https://registry.npmjs.org/onetime set size:undefined disposed:false
150 silly fetch manifest npm-run-path@^4.0.1
151 silly packumentCache full:https://registry.npmjs.org/npm-run-path cache-miss
152 http fetch GET 200 https://registry.npmjs.org/is-stream 109ms (cache miss)
153 silly packumentCache full:https://registry.npmjs.org/is-stream set size:undefined disposed:false
154 silly fetch manifest human-signals@^2.1.0
155 silly packumentCache full:https://registry.npmjs.org/human-signals cache-miss
156 http fetch GET 200 https://registry.npmjs.org/get-stream 115ms (cache miss)
157 silly packumentCache full:https://registry.npmjs.org/get-stream set size:undefined disposed:false
158 silly fetch manifest strip-final-newline@^2.0.0
159 silly packumentCache full:https://registry.npmjs.org/strip-final-newline cache-miss
160 http fetch GET 200 https://registry.npmjs.org/human-signals 101ms (cache miss)
161 silly packumentCache full:https://registry.npmjs.org/human-signals set size:undefined disposed:false
162 silly fetch manifest locate-path@^6.0.0
163 silly packumentCache full:https://registry.npmjs.org/locate-path cache-miss
164 http fetch GET 200 https://registry.npmjs.org/appdirsjs 338ms (cache miss)
165 silly packumentCache full:https://registry.npmjs.org/appdirsjs set size:undefined disposed:false
166 silly fetch manifest path-exists@^4.0.0
167 silly packumentCache full:https://registry.npmjs.org/path-exists cache-miss
168 http fetch GET 200 https://registry.npmjs.org/npm-run-path 126ms (cache miss)
169 silly packumentCache full:https://registry.npmjs.org/npm-run-path set size:undefined disposed:false
170 silly fetch manifest jsonfile@^4.0.0
171 silly packumentCache full:https://registry.npmjs.org/jsonfile cache-miss
172 http fetch GET 200 https://registry.npmjs.org/strip-final-newline 111ms (cache miss)
173 silly packumentCache full:https://registry.npmjs.org/strip-final-newline set size:undefined disposed:false
174 silly fetch manifest universalify@^0.1.0
175 silly packumentCache full:https://registry.npmjs.org/universalify cache-miss
176 http fetch GET 200 https://registry.npmjs.org/launch-editor 352ms (cache miss)
177 silly packumentCache full:https://registry.npmjs.org/launch-editor set size:undefined disposed:false
178 http fetch GET 200 https://registry.npmjs.org/mime 353ms (cache miss)
179 silly packumentCache full:https://registry.npmjs.org/mime set size:undefined disposed:false
180 http fetch GET 200 https://registry.npmjs.org/locate-path 99ms (cache miss)
181 silly packumentCache full:https://registry.npmjs.org/locate-path set size:undefined disposed:false
182 http fetch GET 200 https://registry.npmjs.org/path-exists 109ms (cache miss)
183 silly packumentCache full:https://registry.npmjs.org/path-exists set size:undefined disposed:false
184 http fetch GET 200 https://registry.npmjs.org/jsonfile 105ms (cache miss)
185 silly packumentCache full:https://registry.npmjs.org/jsonfile set size:undefined disposed:false
186 http fetch GET 200 https://registry.npmjs.org/universalify 132ms (cache miss)
187 silly packumentCache full:https://registry.npmjs.org/universalify set size:undefined disposed:false
188 http fetch GET 200 https://registry.npmjs.org/@vscode%2fsudo-prompt 861ms (cache miss)
189 silly packumentCache full:https://registry.npmjs.org/@vscode%2fsudo-prompt set size:undefined disposed:false
190 silly placeDep ROOT fast-glob@3.3.3 OK for: @react-native-community/cli-clean@20.2.0 want: ^3.3.2
191 silly fetch manifest @nodelib/fs.stat@^2.0.2
192 silly packumentCache full:https://registry.npmjs.org/@nodelib%2ffs.stat cache-miss
193 silly fetch manifest @nodelib/fs.walk@^1.2.3
194 silly packumentCache full:https://registry.npmjs.org/@nodelib%2ffs.walk cache-miss
195 silly fetch manifest glob-parent@^5.1.2
196 silly packumentCache full:https://registry.npmjs.org/glob-parent cache-miss
197 silly fetch manifest merge2@^1.3.0
198 silly packumentCache full:https://registry.npmjs.org/merge2 cache-miss
199 http fetch GET 200 https://registry.npmjs.org/glob-parent 130ms (cache miss)
200 silly packumentCache full:https://registry.npmjs.org/glob-parent set size:undefined disposed:false
201 http fetch GET 200 https://registry.npmjs.org/merge2 140ms (cache miss)
202 silly packumentCache full:https://registry.npmjs.org/merge2 set size:undefined disposed:false
203 http fetch GET 200 https://registry.npmjs.org/@nodelib%2ffs.stat 159ms (cache miss)
204 silly packumentCache full:https://registry.npmjs.org/@nodelib%2ffs.stat set size:undefined disposed:false
205 http fetch GET 200 https://registry.npmjs.org/@nodelib%2ffs.walk 160ms (cache miss)
206 silly packumentCache full:https://registry.npmjs.org/@nodelib%2ffs.walk set size:undefined disposed:false
207 silly placeDep ROOT cosmiconfig@9.0.2 OK for: @react-native-community/cli-config@20.2.0 want: ^9.0.0
208 silly placeDep ROOT joi@17.13.6 OK for: @react-native-community/cli-config@20.2.0 want: ^17.2.1
209 silly fetch manifest env-paths@^2.2.1
210 silly packumentCache full:https://registry.npmjs.org/env-paths cache-miss
211 silly fetch manifest parse-json@^5.2.0
212 silly packumentCache full:https://registry.npmjs.org/parse-json cache-miss
213 silly fetch manifest import-fresh@^3.3.0
214 silly packumentCache full:https://registry.npmjs.org/import-fresh cache-miss
215 silly fetch manifest @hapi/hoek@^9.3.0
216 silly packumentCache full:https://registry.npmjs.org/@hapi%2fhoek cache-miss
217 silly fetch manifest @hapi/topo@^5.1.0
218 silly packumentCache full:https://registry.npmjs.org/@hapi%2ftopo cache-miss
219 silly fetch manifest @sideway/address@^4.1.5
220 silly packumentCache full:https://registry.npmjs.org/@sideway%2faddress cache-miss
221 silly fetch manifest @sideway/formula@^3.0.1
222 silly packumentCache full:https://registry.npmjs.org/@sideway%2fformula cache-miss
223 http fetch GET 200 https://registry.npmjs.org/parse-json 381ms (cache miss)
224 silly packumentCache full:https://registry.npmjs.org/parse-json set size:undefined disposed:false
225 silly fetch manifest @sideway/pinpoint@^2.0.0
226 silly packumentCache full:https://registry.npmjs.org/@sideway%2fpinpoint cache-miss
227 http fetch GET 200 https://registry.npmjs.org/env-paths 393ms (cache miss)
228 silly packumentCache full:https://registry.npmjs.org/env-paths set size:undefined disposed:false
229 http fetch GET 200 https://registry.npmjs.org/import-fresh 394ms (cache miss)
230 silly packumentCache full:https://registry.npmjs.org/import-fresh set size:undefined disposed:false
231 http fetch GET 200 https://registry.npmjs.org/@hapi%2fhoek 824ms (cache miss)
232 silly packumentCache full:https://registry.npmjs.org/@hapi%2fhoek set size:undefined disposed:false
233 http fetch GET 200 https://registry.npmjs.org/@sideway%2faddress 889ms (cache miss)
234 silly packumentCache full:https://registry.npmjs.org/@sideway%2faddress set size:undefined disposed:false
235 http fetch GET 200 https://registry.npmjs.org/@sideway%2fformula 900ms (cache miss)
236 silly packumentCache full:https://registry.npmjs.org/@sideway%2fformula set size:undefined disposed:false
237 http fetch GET 200 https://registry.npmjs.org/@hapi%2ftopo 907ms (cache miss)
238 silly packumentCache full:https://registry.npmjs.org/@hapi%2ftopo set size:undefined disposed:false
239 http fetch GET 200 https://registry.npmjs.org/@sideway%2fpinpoint 888ms (cache miss)
240 silly packumentCache full:https://registry.npmjs.org/@sideway%2fpinpoint set size:undefined disposed:false
241 silly placeDep ROOT @react-native-community/cli-platform-android@20.2.0 OK for: @react-native-community/cli-doctor@20.2.0 want: 20.2.0
242 silly placeDep ROOT @react-native-community/cli-platform-apple@20.2.0 OK for: @react-native-community/cli-doctor@20.2.0 want: 20.2.0
243 silly placeDep ROOT @react-native-community/cli-platform-ios@20.2.0 OK for: @react-native-community/cli-doctor@20.2.0 want: 20.2.0
244 silly placeDep ROOT command-exists@1.2.9 OK for: @react-native-community/cli-doctor@20.2.0 want: ^1.2.8
245 silly placeDep ROOT envinfo@7.21.0 OK for: @react-native-community/cli-doctor@20.2.0 want: ^7.13.0
246 silly placeDep ROOT node-stream-zip@1.16.0 OK for: @react-native-community/cli-doctor@20.2.0 want: ^1.9.1
247 silly placeDep node_modules/@react-native-community/cli-doctor ora@5.4.1 OK for: @react-native-community/cli-doctor@20.2.0 want: ^5.4.1
248 silly fetch manifest @react-native-community/cli-config-android@20.2.0
249 silly packumentCache full:https://registry.npmjs.org/@react-native-community%2fcli-config-android cache-miss
250 silly fetch manifest logkitty@^0.7.1
251 silly packumentCache full:https://registry.npmjs.org/logkitty cache-miss
252 silly fetch manifest @react-native-community/cli-config-apple@20.2.0
253 silly packumentCache full:https://registry.npmjs.org/@react-native-community%2fcli-config-apple cache-miss
254 silly fetch manifest fast-xml-parser@^5.3.6
255 silly packumentCache full:https://registry.npmjs.org/fast-xml-parser cache-miss
256 silly fetch manifest bl@^4.1.0
257 silly packumentCache full:https://registry.npmjs.org/bl cache-miss
258 silly fetch manifest cli-cursor@^3.1.0
259 silly packumentCache full:https://registry.npmjs.org/cli-cursor cache-miss
260 silly fetch manifest log-symbols@^4.1.0
261 silly packumentCache full:https://registry.npmjs.org/log-symbols cache-miss
262 http fetch GET 200 https://registry.npmjs.org/log-symbols 264ms (cache miss)
263 silly packumentCache full:https://registry.npmjs.org/log-symbols set size:undefined disposed:false
264 silly fetch manifest is-interactive@^1.0.0
265 silly packumentCache full:https://registry.npmjs.org/is-interactive cache-miss
266 http fetch GET 200 https://registry.npmjs.org/cli-cursor 798ms (cache miss)
267 silly packumentCache full:https://registry.npmjs.org/cli-cursor set size:undefined disposed:false
268 silly fetch manifest is-unicode-supported@^0.1.0
269 silly packumentCache full:https://registry.npmjs.org/is-unicode-supported cache-miss
270 http fetch GET 200 https://registry.npmjs.org/logkitty 840ms (cache miss)
271 silly packumentCache full:https://registry.npmjs.org/logkitty set size:undefined disposed:false
272 http fetch GET 200 https://registry.npmjs.org/is-interactive 540ms (cache miss)
273 silly packumentCache full:https://registry.npmjs.org/is-interactive set size:undefined disposed:false
274 http fetch GET 200 https://registry.npmjs.org/bl 864ms (cache miss)
275 silly packumentCache full:https://registry.npmjs.org/bl set size:undefined disposed:false
276 http fetch GET 200 https://registry.npmjs.org/fast-xml-parser 897ms (cache miss)
277 silly packumentCache full:https://registry.npmjs.org/fast-xml-parser set size:undefined disposed:false
278 http fetch GET 200 https://registry.npmjs.org/@react-native-community%2fcli-config-android 927ms (cache miss)
279 silly packumentCache full:https://registry.npmjs.org/@react-native-community%2fcli-config-android set size:undefined disposed:false
280 http fetch GET 200 https://registry.npmjs.org/is-unicode-supported 382ms (cache miss)
281 silly packumentCache full:https://registry.npmjs.org/is-unicode-supported set size:undefined disposed:false
282 http fetch GET 200 https://registry.npmjs.org/@react-native-community%2fcli-config-apple 1262ms (cache miss)
283 silly packumentCache full:https://registry.npmjs.org/@react-native-community%2fcli-config-apple set size:undefined disposed:false
284 silly placeDep ROOT @react-native-community/cli-config-android@20.2.0 OK for: @react-native-community/cli-platform-android@20.2.0 want: 20.2.0
285 silly placeDep ROOT logkitty@0.7.1 OK for: @react-native-community/cli-platform-android@20.2.0 want: ^0.7.1
286 silly fetch manifest ansi-fragments@^0.2.1
287 silly packumentCache full:https://registry.npmjs.org/ansi-fragments cache-miss
288 silly fetch manifest dayjs@^1.8.15
289 silly packumentCache full:https://registry.npmjs.org/dayjs cache-miss
290 silly fetch manifest yargs@^15.1.0
291 silly packumentCache full:https://registry.npmjs.org/yargs cache-miss
292 http fetch GET 200 https://registry.npmjs.org/dayjs 167ms (cache miss)
293 silly packumentCache full:https://registry.npmjs.org/dayjs set size:undefined disposed:false
294 http fetch GET 200 https://registry.npmjs.org/ansi-fragments 365ms (cache miss)
295 silly packumentCache full:https://registry.npmjs.org/ansi-fragments set size:undefined disposed:false
296 http fetch GET 200 https://registry.npmjs.org/yargs 404ms (cache miss)
297 silly packumentCache full:https://registry.npmjs.org/yargs set size:undefined disposed:false
298 silly placeDep ROOT fast-xml-parser@5.11.1 OK for: @react-native-community/cli-config-android@20.2.0 want: ^5.3.6
299 silly fetch manifest strnum@^2.4.2
300 silly packumentCache full:https://registry.npmjs.org/strnum cache-miss
301 silly fetch manifest is-unsafe@^2.0.0
302 silly packumentCache full:https://registry.npmjs.org/is-unsafe cache-miss
303 silly fetch manifest xml-naming@^0.3.0
304 silly packumentCache full:https://registry.npmjs.org/xml-naming cache-miss
305 silly fetch manifest fast-xml-builder@^1.2.0
306 silly packumentCache full:https://registry.npmjs.org/fast-xml-builder cache-miss
307 silly fetch manifest @nodable/entities@^3.0.0
308 silly packumentCache full:https://registry.npmjs.org/@nodable%2fentities cache-miss
309 silly fetch manifest path-expression-matcher@^1.6.2
310 silly packumentCache full:https://registry.npmjs.org/path-expression-matcher cache-miss
311 http fetch GET 200 https://registry.npmjs.org/is-unsafe 485ms (cache miss)
312 silly packumentCache full:https://registry.npmjs.org/is-unsafe set size:undefined disposed:false
313 http fetch GET 200 https://registry.npmjs.org/fast-xml-builder 500ms (cache miss)
314 silly packumentCache full:https://registry.npmjs.org/fast-xml-builder set size:undefined disposed:false
315 http fetch GET 200 https://registry.npmjs.org/path-expression-matcher 518ms (cache miss)
316 silly packumentCache full:https://registry.npmjs.org/path-expression-matcher set size:undefined disposed:false
317 http fetch GET 200 https://registry.npmjs.org/xml-naming 533ms (cache miss)
318 silly packumentCache full:https://registry.npmjs.org/xml-naming set size:undefined disposed:false
319 http fetch GET 200 https://registry.npmjs.org/strnum 619ms (cache miss)
320 silly packumentCache full:https://registry.npmjs.org/strnum set size:undefined disposed:false
321 http fetch GET 200 https://registry.npmjs.org/@nodable%2fentities 914ms (cache miss)
322 silly packumentCache full:https://registry.npmjs.org/@nodable%2fentities set size:undefined disposed:false
323 silly placeDep ROOT @react-native-community/cli-config-apple@20.2.0 OK for: @react-native-community/cli-platform-apple@20.2.0 want: 20.2.0
324 silly placeDep ROOT body-parser@2.3.0 OK for: @react-native-community/cli-server-api@20.2.0 want: ^2.2.2
325 silly placeDep ROOT errorhandler@1.5.2 OK for: @react-native-community/cli-server-api@20.2.0 want: ^1.5.1
326 silly placeDep ROOT nocache@3.0.4 OK for: @react-native-community/cli-server-api@20.2.0 want: ^3.0.1
327 silly placeDep node_modules/@react-native-community/cli-server-api open@6.4.0 OK for: @react-native-community/cli-server-api@20.2.0 want: ^6.2.0
328 silly placeDep node_modules/@react-native-community/cli-server-api ws@6.2.6 OK for: @react-native-community/cli-server-api@20.2.0 want: ^6.2.3
329 silly fetch manifest qs@^6.15.2
330 silly packumentCache full:https://registry.npmjs.org/qs cache-miss
331 silly fetch manifest type-is@^2.1.0
332 silly packumentCache full:https://registry.npmjs.org/type-is cache-miss
333 silly fetch manifest raw-body@^3.0.2
334 silly packumentCache full:https://registry.npmjs.org/raw-body cache-miss
335 silly fetch manifest iconv-lite@^0.7.2
336 silly packumentCache full:https://registry.npmjs.org/iconv-lite cache-miss
337 silly fetch manifest on-finished@^2.4.1
338 silly packumentCache full:https://registry.npmjs.org/on-finished cache-miss
339 silly fetch manifest accepts@~1.3.8
340 silly packumentCache full:https://registry.npmjs.org/accepts cache-miss
341 silly fetch manifest is-wsl@^1.1.0
342 silly packumentCache full:https://registry.npmjs.org/is-wsl cache-miss
343 http fetch GET 200 https://registry.npmjs.org/accepts 131ms (cache miss)
344 silly packumentCache full:https://registry.npmjs.org/accepts set size:undefined disposed:false
345 silly fetch manifest async-limiter@~1.0.0
346 silly packumentCache full:https://registry.npmjs.org/async-limiter cache-miss
347 http fetch GET 200 https://registry.npmjs.org/is-wsl 153ms (cache miss)
348 silly packumentCache full:https://registry.npmjs.org/is-wsl set size:undefined disposed:false
349 http fetch GET 200 https://registry.npmjs.org/type-is 168ms (cache miss)
350 silly packumentCache full:https://registry.npmjs.org/type-is set size:undefined disposed:false
351 http fetch GET 200 https://registry.npmjs.org/iconv-lite 172ms (cache miss)
352 silly packumentCache full:https://registry.npmjs.org/iconv-lite set size:undefined disposed:false
353 http fetch GET 200 https://registry.npmjs.org/qs 197ms (cache miss)
354 silly packumentCache full:https://registry.npmjs.org/qs set size:undefined disposed:false
355 http fetch GET 200 https://registry.npmjs.org/async-limiter 118ms (cache miss)
356 silly packumentCache full:https://registry.npmjs.org/async-limiter set size:undefined disposed:false
357 http fetch GET 200 https://registry.npmjs.org/raw-body 380ms (cache miss)
358 silly packumentCache full:https://registry.npmjs.org/raw-body set size:undefined disposed:false
359 http fetch GET 200 https://registry.npmjs.org/on-finished 396ms (cache miss)
360 silly packumentCache full:https://registry.npmjs.org/on-finished set size:undefined disposed:false
361 silly placeDep ROOT @vscode/sudo-prompt@9.3.2 OK for: @react-native-community/cli-tools@20.2.0 want: ^9.0.0
362 silly placeDep ROOT appdirsjs@1.2.8 OK for: @react-native-community/cli-tools@20.2.0 want: ^1.2.4
363 silly placeDep ROOT launch-editor@2.14.1 OK for: @react-native-community/cli-tools@20.2.0 want: ^2.9.1
364 silly placeDep node_modules/@react-native-community/cli-tools mime@2.6.0 OK for: @react-native-community/cli-tools@20.2.0 want: ^2.4.1
365 silly placeDep node_modules/@react-native-community/cli-tools ora@5.4.1 OK for: @react-native-community/cli-tools@20.2.0 want: ^5.4.1
366 silly placeDep ROOT iconv-lite@0.7.3 OK for: body-parser@2.3.0 want: ^0.7.2
367 silly placeDep node_modules/body-parser on-finished@2.4.1 OK for: body-parser@2.3.0 want: ^2.4.1
368 silly placeDep ROOT qs@6.15.3 OK for: body-parser@2.3.0 want: ^6.15.2
369 silly placeDep ROOT raw-body@3.0.2 OK for: body-parser@2.3.0 want: ^3.0.2
370 silly placeDep ROOT type-is@2.1.0 OK for: body-parser@2.3.0 want: ^2.1.0
371 silly fetch manifest safer-buffer@>= 2.1.2 < 3.0.0
372 silly packumentCache full:https://registry.npmjs.org/safer-buffer cache-miss
373 silly fetch manifest side-channel@^1.1.1
374 silly packumentCache full:https://registry.npmjs.org/side-channel cache-miss
375 silly fetch manifest es-define-property@^1.0.1
376 silly packumentCache full:https://registry.npmjs.org/es-define-property cache-miss
377 silly fetch manifest media-typer@^1.1.0
378 silly packumentCache full:https://registry.npmjs.org/media-typer cache-miss
379 http fetch GET 200 https://registry.npmjs.org/es-define-property 129ms (cache miss)
380 silly packumentCache full:https://registry.npmjs.org/es-define-property set size:undefined disposed:false
381 http fetch GET 200 https://registry.npmjs.org/safer-buffer 133ms (cache miss)
382 silly packumentCache full:https://registry.npmjs.org/safer-buffer set size:undefined disposed:false
383 http fetch GET 200 https://registry.npmjs.org/media-typer 134ms (cache miss)
384 silly packumentCache full:https://registry.npmjs.org/media-typer set size:undefined disposed:false
385 http fetch GET 200 https://registry.npmjs.org/side-channel 143ms (cache miss)
386 silly packumentCache full:https://registry.npmjs.org/side-channel set size:undefined disposed:false
387 silly placeDep ROOT env-paths@2.2.1 OK for: cosmiconfig@9.0.2 want: ^2.2.1
388 silly placeDep ROOT import-fresh@3.3.1 OK for: cosmiconfig@9.0.2 want: ^3.3.0
389 silly placeDep ROOT parse-json@5.2.0 OK for: cosmiconfig@9.0.2 want: ^5.2.0
390 silly fetch manifest resolve-from@^4.0.0
391 silly packumentCache full:https://registry.npmjs.org/resolve-from cache-miss
392 silly fetch manifest parent-module@^1.0.0
393 silly packumentCache full:https://registry.npmjs.org/parent-module cache-miss
394 silly fetch manifest error-ex@^1.3.1
395 silly packumentCache full:https://registry.npmjs.org/error-ex cache-miss
396 silly fetch manifest lines-and-columns@^1.1.6
397 silly packumentCache full:https://registry.npmjs.org/lines-and-columns cache-miss
398 silly fetch manifest json-parse-even-better-errors@^2.3.0
399 silly packumentCache full:https://registry.npmjs.org/json-parse-even-better-errors cache-miss
400 http fetch GET 200 https://registry.npmjs.org/parent-module 114ms (cache miss)
401 silly packumentCache full:https://registry.npmjs.org/parent-module set size:undefined disposed:false
402 http fetch GET 200 https://registry.npmjs.org/resolve-from 120ms (cache miss)
403 silly packumentCache full:https://registry.npmjs.org/resolve-from set size:undefined disposed:false
404 http fetch GET 200 https://registry.npmjs.org/lines-and-columns 128ms (cache miss)
405 silly packumentCache full:https://registry.npmjs.org/lines-and-columns set size:undefined disposed:false
406 http fetch GET 200 https://registry.npmjs.org/json-parse-even-better-errors 346ms (cache miss)
407 silly packumentCache full:https://registry.npmjs.org/json-parse-even-better-errors set size:undefined disposed:false
408 http fetch GET 200 https://registry.npmjs.org/error-ex 352ms (cache miss)
409 silly packumentCache full:https://registry.npmjs.org/error-ex set size:undefined disposed:false
410 silly placeDep node_modules/errorhandler accepts@1.3.8 OK for: errorhandler@1.5.2 want: ~1.3.8
411 silly fetch manifest mime-types@~2.1.34
412 silly packumentCache full:https://registry.npmjs.org/mime-types cache-miss
413 silly fetch manifest negotiator@0.6.3
414 silly packumentCache full:https://registry.npmjs.org/negotiator cache-miss
415 http fetch GET 200 https://registry.npmjs.org/negotiator 121ms (cache miss)
416 silly packumentCache full:https://registry.npmjs.org/negotiator set size:undefined disposed:false
417 http fetch GET 200 https://registry.npmjs.org/mime-types 127ms (cache miss)
418 silly packumentCache full:https://registry.npmjs.org/mime-types set size:undefined disposed:false
419 silly placeDep ROOT get-stream@6.0.1 OK for: execa@5.1.1 want: ^6.0.0
420 silly placeDep ROOT human-signals@2.1.0 OK for: execa@5.1.1 want: ^2.1.0
421 silly placeDep ROOT is-stream@2.0.1 OK for: execa@5.1.1 want: ^2.0.0
422 silly placeDep ROOT npm-run-path@4.0.1 OK for: execa@5.1.1 want: ^4.0.1
423 silly placeDep node_modules/execa onetime@5.1.2 OK for: execa@5.1.1 want: ^5.1.2
424 silly placeDep ROOT strip-final-newline@2.0.0 OK for: execa@5.1.1 want: ^2.0.0
425 silly fetch manifest mimic-fn@^2.1.0
426 silly packumentCache full:https://registry.npmjs.org/mimic-fn cache-miss
427 http fetch GET 200 https://registry.npmjs.org/mimic-fn 118ms (cache miss)
428 silly packumentCache full:https://registry.npmjs.org/mimic-fn set size:undefined disposed:false
429 silly placeDep ROOT @nodelib/fs.stat@2.0.5 OK for: fast-glob@3.3.3 want: ^2.0.2
430 silly placeDep ROOT @nodelib/fs.walk@1.2.8 OK for: fast-glob@3.3.3 want: ^1.2.3
431 silly placeDep ROOT glob-parent@5.1.2 OK for: fast-glob@3.3.3 want: ^5.1.2
432 silly placeDep ROOT merge2@1.4.1 OK for: fast-glob@3.3.3 want: ^1.3.0
433 silly fetch manifest fastq@^1.6.0
434 silly packumentCache full:https://registry.npmjs.org/fastq cache-miss
435 silly fetch manifest @nodelib/fs.scandir@2.1.5
436 silly packumentCache full:https://registry.npmjs.org/@nodelib%2ffs.scandir cache-miss
437 silly fetch manifest is-glob@^4.0.1
438 silly packumentCache full:https://registry.npmjs.org/is-glob cache-miss
439 http fetch GET 200 https://registry.npmjs.org/fastq 117ms (cache miss)
440 silly packumentCache full:https://registry.npmjs.org/fastq set size:undefined disposed:false
441 http fetch GET 200 https://registry.npmjs.org/is-glob 118ms (cache miss)
442 silly packumentCache full:https://registry.npmjs.org/is-glob set size:undefined disposed:false
443 http fetch GET 200 https://registry.npmjs.org/@nodelib%2ffs.scandir 131ms (cache miss)
444 silly packumentCache full:https://registry.npmjs.org/@nodelib%2ffs.scandir set size:undefined disposed:false
445 silly placeDep ROOT @nodelib/fs.scandir@2.1.5 OK for: @nodelib/fs.walk@1.2.8 want: 2.1.5
446 silly placeDep ROOT fastq@1.20.1 OK for: @nodelib/fs.walk@1.2.8 want: ^1.6.0
447 silly fetch manifest run-parallel@^1.1.9
448 silly packumentCache full:https://registry.npmjs.org/run-parallel cache-miss
449 silly fetch manifest reusify@^1.0.4
450 silly packumentCache full:https://registry.npmjs.org/reusify cache-miss
451 http fetch GET 200 https://registry.npmjs.org/reusify 117ms (cache miss)
452 silly packumentCache full:https://registry.npmjs.org/reusify set size:undefined disposed:false
453 http fetch GET 200 https://registry.npmjs.org/run-parallel 122ms (cache miss)
454 silly packumentCache full:https://registry.npmjs.org/run-parallel set size:undefined disposed:false
455 silly placeDep ROOT run-parallel@1.2.0 OK for: @nodelib/fs.scandir@2.1.5 want: ^1.1.9
456 silly fetch manifest queue-microtask@^1.2.2
457 silly packumentCache full:https://registry.npmjs.org/queue-microtask cache-miss
458 http fetch GET 200 https://registry.npmjs.org/queue-microtask 118ms (cache miss)
459 silly packumentCache full:https://registry.npmjs.org/queue-microtask set size:undefined disposed:false
460 silly placeDep ROOT @nodable/entities@3.0.0 OK for: fast-xml-parser@5.11.1 want: ^3.0.0
461 silly placeDep ROOT fast-xml-builder@1.3.1 OK for: fast-xml-parser@5.11.1 want: ^1.2.0
462 silly placeDep ROOT is-unsafe@2.0.2 OK for: fast-xml-parser@5.11.1 want: ^2.0.0
463 silly placeDep ROOT path-expression-matcher@1.6.2 OK for: fast-xml-parser@5.11.1 want: ^1.6.2
464 silly placeDep ROOT strnum@2.4.2 OK for: fast-xml-parser@5.11.1 want: ^2.4.2
465 silly placeDep ROOT xml-naming@0.3.0 OK for: fast-xml-parser@5.11.1 want: ^0.3.0
466 silly fetch manifest anynum@^1.0.1
467 silly packumentCache full:https://registry.npmjs.org/anynum cache-miss
468 http fetch GET 200 https://registry.npmjs.org/anynum 342ms (cache miss)
469 silly packumentCache full:https://registry.npmjs.org/anynum set size:undefined disposed:false
470 silly placeDep ROOT reusify@1.1.0 OK for: fastq@1.20.1 want: ^1.0.4
471 silly placeDep ROOT locate-path@6.0.0 OK for: find-up@5.0.0 want: ^6.0.0
472 silly placeDep ROOT path-exists@4.0.0 OK for: find-up@5.0.0 want: ^4.0.0
473 silly fetch manifest p-locate@^5.0.0
474 silly packumentCache full:https://registry.npmjs.org/p-locate cache-miss
475 http fetch GET 200 https://registry.npmjs.org/p-locate 102ms (cache miss)
476 silly packumentCache full:https://registry.npmjs.org/p-locate set size:undefined disposed:false
477 silly placeDep ROOT jsonfile@4.0.0 OK for: fs-extra@8.1.0 want: ^4.0.0
478 silly placeDep ROOT universalify@0.1.2 OK for: fs-extra@8.1.0 want: ^0.1.0
479 silly placeDep ROOT is-glob@4.0.3 OK for: glob-parent@5.1.2 want: ^4.0.1
480 silly fetch manifest is-extglob@^2.1.1
481 silly packumentCache full:https://registry.npmjs.org/is-extglob cache-miss
482 http fetch GET 200 https://registry.npmjs.org/is-extglob 115ms (cache miss)
483 silly packumentCache full:https://registry.npmjs.org/is-extglob set size:undefined disposed:false
484 silly placeDep ROOT safer-buffer@2.1.2 OK for: iconv-lite@0.7.3 want: >= 2.1.2 < 3.0.0
485 silly placeDep ROOT parent-module@1.0.1 OK for: import-fresh@3.3.1 want: ^1.0.0
486 silly placeDep node_modules/import-fresh resolve-from@4.0.0 OK for: import-fresh@3.3.1 want: ^4.0.0
487 silly fetch manifest callsites@^3.0.0
488 silly packumentCache full:https://registry.npmjs.org/callsites cache-miss
489 http fetch GET 200 https://registry.npmjs.org/callsites 611ms (cache miss)
490 silly packumentCache full:https://registry.npmjs.org/callsites set size:undefined disposed:false
491 silly placeDep ROOT is-extglob@2.1.1 OK for: is-glob@4.0.3 want: ^2.1.1
492 silly placeDep ROOT @hapi/hoek@9.3.0 OK for: joi@17.13.6 want: ^9.3.0
493 silly placeDep ROOT @hapi/topo@5.1.0 OK for: joi@17.13.6 want: ^5.1.0
494 silly placeDep ROOT @sideway/address@4.1.5 OK for: joi@17.13.6 want: ^4.1.5
495 silly placeDep ROOT @sideway/formula@3.0.1 OK for: joi@17.13.6 want: ^3.0.1
496 silly placeDep ROOT @sideway/pinpoint@2.0.0 OK for: joi@17.13.6 want: ^2.0.0
497 silly placeDep ROOT p-locate@5.0.0 OK for: locate-path@6.0.0 want: ^5.0.0
498 silly fetch manifest p-limit@^3.0.2
499 silly packumentCache full:https://registry.npmjs.org/p-limit cache-miss
500 http fetch GET 200 https://registry.npmjs.org/p-limit 105ms (cache miss)
501 silly packumentCache full:https://registry.npmjs.org/p-limit set size:undefined disposed:false
502 silly placeDep ROOT ansi-fragments@0.2.1 OK for: logkitty@0.7.1 want: ^0.2.1
503 silly placeDep ROOT dayjs@1.11.23 OK for: logkitty@0.7.1 want: ^1.8.15
504 silly placeDep node_modules/logkitty yargs@15.4.1 OK for: logkitty@0.7.1 want: ^15.1.0
505 silly fetch manifest colorette@^1.0.7
506 silly packumentCache full:https://registry.npmjs.org/colorette cache-miss
507 silly fetch manifest slice-ansi@^2.0.0
508 silly packumentCache full:https://registry.npmjs.org/slice-ansi cache-miss
509 silly fetch manifest strip-ansi@^5.0.0
510 silly packumentCache full:https://registry.npmjs.org/strip-ansi cache-miss
511 silly fetch manifest y18n@^4.0.0
512 silly packumentCache full:https://registry.npmjs.org/y18n cache-miss
513 silly fetch manifest cliui@^6.0.0
514 silly packumentCache full:https://registry.npmjs.org/cliui cache-miss
515 silly fetch manifest find-up@^4.1.0
516 silly packumentCache full:https://registry.npmjs.org/find-up cache-miss
517 silly fetch manifest decamelize@^1.2.0
518 silly packumentCache full:https://registry.npmjs.org/decamelize cache-miss
519 http cache https://registry.npmjs.org/find-up 46ms (cache hit)
520 silly packumentCache full:https://registry.npmjs.org/find-up set size:42620 disposed:false
521 silly fetch manifest set-blocking@^2.0.0
522 silly packumentCache full:https://registry.npmjs.org/set-blocking cache-miss
523 http fetch GET 200 https://registry.npmjs.org/strip-ansi 167ms (cache miss)
524 silly packumentCache full:https://registry.npmjs.org/strip-ansi set size:undefined disposed:false
525 silly fetch manifest which-module@^2.0.0
526 silly packumentCache full:https://registry.npmjs.org/which-module cache-miss
527 http fetch GET 200 https://registry.npmjs.org/decamelize 169ms (cache miss)
528 silly packumentCache full:https://registry.npmjs.org/decamelize set size:undefined disposed:false
529 silly fetch manifest yargs-parser@^18.1.2
530 silly packumentCache full:https://registry.npmjs.org/yargs-parser cache-miss
531 http fetch GET 200 https://registry.npmjs.org/cliui 183ms (cache miss)
532 silly packumentCache full:https://registry.npmjs.org/cliui set size:undefined disposed:false
533 silly fetch manifest require-main-filename@^2.0.0
534 silly packumentCache full:https://registry.npmjs.org/require-main-filename cache-miss
535 http fetch GET 200 https://registry.npmjs.org/y18n 196ms (cache miss)
536 silly packumentCache full:https://registry.npmjs.org/y18n set size:undefined disposed:false
537 http fetch GET 200 https://registry.npmjs.org/set-blocking 157ms (cache miss)
538 silly packumentCache full:https://registry.npmjs.org/set-blocking set size:undefined disposed:false
539 http fetch GET 200 https://registry.npmjs.org/which-module 114ms (cache miss)
540 silly packumentCache full:https://registry.npmjs.org/which-module set size:undefined disposed:false
541 http fetch GET 200 https://registry.npmjs.org/slice-ansi 354ms (cache miss)
542 silly packumentCache full:https://registry.npmjs.org/slice-ansi set size:undefined disposed:false
543 http fetch GET 200 https://registry.npmjs.org/colorette 382ms (cache miss)
544 silly packumentCache full:https://registry.npmjs.org/colorette set size:undefined disposed:false
545 http fetch GET 200 https://registry.npmjs.org/require-main-filename 342ms (cache miss)
546 silly packumentCache full:https://registry.npmjs.org/require-main-filename set size:undefined disposed:false
547 http fetch GET 200 https://registry.npmjs.org/yargs-parser 391ms (cache miss)
548 silly packumentCache full:https://registry.npmjs.org/yargs-parser set size:undefined disposed:false
549 silly placeDep ROOT colorette@1.4.0 OK for: ansi-fragments@0.2.1 want: ^1.0.7
550 silly placeDep ROOT slice-ansi@2.1.0 OK for: ansi-fragments@0.2.1 want: ^2.0.0
551 silly placeDep node_modules/ansi-fragments strip-ansi@5.2.0 OK for: ansi-fragments@0.2.1 want: ^5.0.0
552 silly fetch manifest ansi-styles@^3.2.0
553 silly packumentCache full:https://registry.npmjs.org/ansi-styles cache-miss
554 silly fetch manifest astral-regex@^1.0.0
555 silly packumentCache full:https://registry.npmjs.org/astral-regex cache-miss
556 silly fetch manifest is-fullwidth-code-point@^2.0.0
557 silly packumentCache full:https://registry.npmjs.org/is-fullwidth-code-point cache-miss
558 silly fetch manifest ansi-regex@^4.1.0
559 silly packumentCache full:https://registry.npmjs.org/ansi-regex cache-miss
560 http fetch GET 200 https://registry.npmjs.org/is-fullwidth-code-point 98ms (cache miss)
561 silly packumentCache full:https://registry.npmjs.org/is-fullwidth-code-point set size:undefined disposed:false
562 http fetch GET 200 https://registry.npmjs.org/ansi-regex 123ms (cache miss)
563 silly packumentCache full:https://registry.npmjs.org/ansi-regex set size:undefined disposed:false
564 http fetch GET 200 https://registry.npmjs.org/ansi-styles 362ms (cache miss)
565 silly packumentCache full:https://registry.npmjs.org/ansi-styles set size:undefined disposed:false
566 http fetch GET 200 https://registry.npmjs.org/astral-regex 374ms (cache miss)
567 silly packumentCache full:https://registry.npmjs.org/astral-regex set size:undefined disposed:false
568 silly placeDep ROOT p-limit@3.1.0 OK for: p-locate@5.0.0 want: ^3.0.2
569 silly fetch manifest yocto-queue@^0.1.0
570 silly packumentCache full:https://registry.npmjs.org/yocto-queue cache-miss
571 http fetch GET 200 https://registry.npmjs.org/yocto-queue 410ms (cache miss)
572 silly packumentCache full:https://registry.npmjs.org/yocto-queue set size:undefined disposed:false
573 silly placeDep ROOT yocto-queue@0.1.0 OK for: p-limit@3.1.0 want: ^0.1.0
574 silly placeDep ROOT callsites@3.1.0 OK for: parent-module@1.0.1 want: ^3.0.0
575 silly placeDep ROOT error-ex@1.3.4 OK for: parse-json@5.2.0 want: ^1.3.1
576 silly placeDep ROOT json-parse-even-better-errors@2.3.1 OK for: parse-json@5.2.0 want: ^2.3.0
577 silly placeDep ROOT lines-and-columns@1.2.4 OK for: parse-json@5.2.0 want: ^1.1.6
578 silly fetch manifest is-arrayish@^0.2.1
579 silly packumentCache full:https://registry.npmjs.org/is-arrayish cache-miss
580 http fetch GET 200 https://registry.npmjs.org/is-arrayish 477ms (cache miss)
581 silly packumentCache full:https://registry.npmjs.org/is-arrayish set size:undefined disposed:false
582 silly placeDep node_modules/error-ex is-arrayish@0.2.1 OK for: error-ex@1.3.4 want: ^0.2.1
583 silly placeDep ROOT es-define-property@1.0.1 OK for: qs@6.15.3 want: ^1.0.1
584 silly placeDep ROOT side-channel@1.1.1 OK for: qs@6.15.3 want: ^1.1.1
585 silly fetch manifest object-inspect@^1.13.4
586 silly packumentCache full:https://registry.npmjs.org/object-inspect cache-miss
587 silly fetch manifest side-channel-list@^1.0.1
588 silly packumentCache full:https://registry.npmjs.org/side-channel-list cache-miss
589 silly fetch manifest side-channel-map@^1.0.1
590 silly packumentCache full:https://registry.npmjs.org/side-channel-map cache-miss
591 silly fetch manifest side-channel-weakmap@^1.0.2
592 silly packumentCache full:https://registry.npmjs.org/side-channel-weakmap cache-miss
593 http fetch GET 200 https://registry.npmjs.org/side-channel-list 148ms (cache miss)
594 silly packumentCache full:https://registry.npmjs.org/side-channel-list set size:undefined disposed:false
595 http fetch GET 200 https://registry.npmjs.org/side-channel-map 149ms (cache miss)
596 silly packumentCache full:https://registry.npmjs.org/side-channel-map set size:undefined disposed:false
597 http fetch GET 200 https://registry.npmjs.org/object-inspect 168ms (cache miss)
598 silly packumentCache full:https://registry.npmjs.org/object-inspect set size:undefined disposed:false
599 http fetch GET 200 https://registry.npmjs.org/side-channel-weakmap 144ms (cache miss)
600 silly packumentCache full:https://registry.npmjs.org/side-channel-weakmap set size:undefined disposed:false
601 silly placeDep ROOT queue-microtask@1.2.3 OK for: run-parallel@1.2.0 want: ^1.2.2
602 silly placeDep ROOT object-inspect@1.13.4 OK for: side-channel@1.1.1 want: ^1.13.4
603 silly placeDep ROOT side-channel-list@1.0.1 OK for: side-channel@1.1.1 want: ^1.0.1
604 silly placeDep ROOT side-channel-map@1.0.1 OK for: side-channel@1.1.1 want: ^1.0.1
605 silly placeDep ROOT side-channel-weakmap@1.0.2 OK for: side-channel@1.1.1 want: ^1.0.2
606 silly fetch manifest call-bound@^1.0.2
607 silly packumentCache full:https://registry.npmjs.org/call-bound cache-miss
608 silly fetch manifest get-intrinsic@^1.2.5
609 silly packumentCache full:https://registry.npmjs.org/get-intrinsic cache-miss
610 silly fetch manifest call-bound@^1.0.2
611 silly packumentCache full:https://registry.npmjs.org/call-bound cache-miss
612 silly fetch manifest get-intrinsic@^1.2.5
613 silly packumentCache full:https://registry.npmjs.org/get-intrinsic cache-miss
614 http fetch GET 200 https://registry.npmjs.org/call-bound 116ms (cache miss)
615 silly packumentCache full:https://registry.npmjs.org/call-bound set size:undefined disposed:false
616 http fetch GET 200 https://registry.npmjs.org/get-intrinsic 119ms (cache miss)
617 silly packumentCache full:https://registry.npmjs.org/get-intrinsic set size:undefined disposed:false
618 http fetch GET 200 https://registry.npmjs.org/get-intrinsic 128ms (cache miss)
619 silly packumentCache full:https://registry.npmjs.org/get-intrinsic set size:undefined disposed:false
620 http fetch GET 200 https://registry.npmjs.org/call-bound 155ms (cache miss)
621 silly packumentCache full:https://registry.npmjs.org/call-bound set size:undefined disposed:false
622 silly placeDep ROOT call-bound@1.0.4 OK for: side-channel-map@1.0.1 want: ^1.0.2
623 silly placeDep ROOT get-intrinsic@1.3.0 OK for: side-channel-map@1.0.1 want: ^1.2.5
624 silly fetch manifest call-bind-apply-helpers@^1.0.2
625 silly packumentCache full:https://registry.npmjs.org/call-bind-apply-helpers cache-miss
626 silly fetch manifest get-intrinsic@^1.3.0
627 silly packumentCache full:https://registry.npmjs.org/get-intrinsic cache-miss
628 silly fetch manifest gopd@^1.2.0
629 silly packumentCache full:https://registry.npmjs.org/gopd cache-miss
630 silly fetch manifest get-proto@^1.0.1
631 silly packumentCache full:https://registry.npmjs.org/get-proto cache-miss
632 silly fetch manifest has-symbols@^1.1.0
633 silly packumentCache full:https://registry.npmjs.org/has-symbols cache-miss
634 silly fetch manifest es-object-atoms@^1.1.1
635 silly packumentCache full:https://registry.npmjs.org/es-object-atoms cache-miss
636 silly fetch manifest math-intrinsics@^1.1.0
637 silly packumentCache full:https://registry.npmjs.org/math-intrinsics cache-miss
638 http cache https://registry.npmjs.org/get-intrinsic 36ms (cache hit)
639 silly packumentCache full:https://registry.npmjs.org/get-intrinsic set size:60985 disposed:false
640 silly fetch manifest call-bind-apply-helpers@^1.0.2
641 silly packumentCache full:https://registry.npmjs.org/call-bind-apply-helpers cache-miss
642 http fetch GET 200 https://registry.npmjs.org/has-symbols 111ms (cache miss)
643 silly packumentCache full:https://registry.npmjs.org/has-symbols set size:undefined disposed:false
644 http fetch GET 200 https://registry.npmjs.org/get-proto 136ms (cache miss)
645 silly packumentCache full:https://registry.npmjs.org/get-proto set size:undefined disposed:false
646 http fetch GET 200 https://registry.npmjs.org/gopd 144ms (cache miss)
647 silly packumentCache full:https://registry.npmjs.org/gopd set size:undefined disposed:false
648 http fetch GET 200 https://registry.npmjs.org/es-object-atoms 145ms (cache miss)
649 silly packumentCache full:https://registry.npmjs.org/es-object-atoms set size:undefined disposed:false
650 http fetch GET 200 https://registry.npmjs.org/call-bind-apply-helpers 157ms (cache miss)
651 silly packumentCache full:https://registry.npmjs.org/call-bind-apply-helpers set size:undefined disposed:false
652 http fetch GET 200 https://registry.npmjs.org/call-bind-apply-helpers 118ms (cache miss)
653 silly packumentCache full:https://registry.npmjs.org/call-bind-apply-helpers set size:undefined disposed:false
654 http fetch GET 200 https://registry.npmjs.org/math-intrinsics 170ms (cache miss)
655 silly packumentCache full:https://registry.npmjs.org/math-intrinsics set size:undefined disposed:false
656 silly placeDep ROOT call-bind-apply-helpers@1.0.2 OK for: call-bound@1.0.4 want: ^1.0.2
657 silly placeDep ROOT es-object-atoms@1.1.2 OK for: get-intrinsic@1.3.0 want: ^1.1.1
658 silly placeDep ROOT get-proto@1.0.1 OK for: get-intrinsic@1.3.0 want: ^1.0.1
659 silly placeDep ROOT gopd@1.2.0 OK for: get-intrinsic@1.3.0 want: ^1.2.0
660 silly placeDep ROOT has-symbols@1.1.0 OK for: get-intrinsic@1.3.0 want: ^1.1.0
661 silly placeDep ROOT math-intrinsics@1.1.0 OK for: get-intrinsic@1.3.0 want: ^1.1.0
662 silly fetch manifest dunder-proto@^1.0.1
663 silly packumentCache full:https://registry.npmjs.org/dunder-proto cache-miss
664 http fetch GET 200 https://registry.npmjs.org/dunder-proto 84ms (cache miss)
665 silly packumentCache full:https://registry.npmjs.org/dunder-proto set size:undefined disposed:false
666 silly placeDep ROOT dunder-proto@1.0.1 OK for: get-proto@1.0.1 want: ^1.0.1
667 silly placeDep node_modules/slice-ansi ansi-styles@3.2.1 OK for: slice-ansi@2.1.0 want: ^3.2.0
668 silly placeDep ROOT astral-regex@1.0.0 OK for: slice-ansi@2.1.0 want: ^1.0.0
669 silly placeDep node_modules/slice-ansi is-fullwidth-code-point@2.0.0 OK for: slice-ansi@2.1.0 want: ^2.0.0
670 silly fetch manifest color-convert@^1.9.0
671 silly packumentCache full:https://registry.npmjs.org/color-convert cache-miss
672 http fetch GET 200 https://registry.npmjs.org/color-convert 100ms (cache miss)
673 silly packumentCache full:https://registry.npmjs.org/color-convert set size:undefined disposed:false
674 silly placeDep ROOT anynum@1.0.1 OK for: strnum@2.4.2 want: ^1.0.1
675 silly placeDep ROOT media-typer@1.1.1 OK for: type-is@2.1.0 want: ^1.1.0
676 silly placeDep ROOT bl@4.1.0 OK for: ora@5.4.1 want: ^4.1.0
677 silly placeDep node_modules/@react-native-community/cli-doctor cli-cursor@3.1.0 OK for: ora@5.4.1 want: ^3.1.0
678 silly placeDep ROOT is-interactive@1.0.0 OK for: ora@5.4.1 want: ^1.0.0
679 silly placeDep ROOT is-unicode-supported@0.1.0 OK for: ora@5.4.1 want: ^0.1.0
680 silly placeDep node_modules/@react-native-community/cli-doctor log-symbols@4.1.0 OK for: ora@5.4.1 want: ^4.1.0
681 silly fetch manifest buffer@^5.5.0
682 silly packumentCache full:https://registry.npmjs.org/buffer cache-miss
683 silly fetch manifest readable-stream@^3.4.0
684 silly packumentCache full:https://registry.npmjs.org/readable-stream cache-miss
685 silly fetch manifest restore-cursor@^3.1.0
686 silly packumentCache full:https://registry.npmjs.org/restore-cursor cache-miss
687 http fetch GET 200 https://registry.npmjs.org/restore-cursor 108ms (cache miss)
688 silly packumentCache full:https://registry.npmjs.org/restore-cursor set size:undefined disposed:false
689 http fetch GET 200 https://registry.npmjs.org/readable-stream 366ms (cache miss)
690 silly packumentCache full:https://registry.npmjs.org/readable-stream set size:undefined disposed:false
691 http fetch GET 200 https://registry.npmjs.org/buffer 409ms (cache miss)
692 silly packumentCache full:https://registry.npmjs.org/buffer set size:undefined disposed:false
693 silly placeDep ROOT buffer@5.7.1 OK for: bl@4.1.0 want: ^5.5.0
694 silly placeDep ROOT readable-stream@3.6.2 OK for: bl@4.1.0 want: ^3.4.0
695 silly fetch manifest ieee754@^1.1.13
696 silly packumentCache full:https://registry.npmjs.org/ieee754 cache-miss
697 silly fetch manifest string_decoder@^1.1.1
698 silly packumentCache full:https://registry.npmjs.org/string_decoder cache-miss
699 silly fetch manifest util-deprecate@^1.0.1
700 silly packumentCache full:https://registry.npmjs.org/util-deprecate cache-miss
701 http fetch GET 200 https://registry.npmjs.org/util-deprecate 110ms (cache miss)
702 silly packumentCache full:https://registry.npmjs.org/util-deprecate set size:undefined disposed:false
703 http fetch GET 200 https://registry.npmjs.org/ieee754 130ms (cache miss)
704 silly packumentCache full:https://registry.npmjs.org/ieee754 set size:undefined disposed:false
705 http fetch GET 200 https://registry.npmjs.org/string_decoder 379ms (cache miss)
706 silly packumentCache full:https://registry.npmjs.org/string_decoder set size:undefined disposed:false
707 silly placeDep ROOT ieee754@1.2.1 OK for: buffer@5.7.1 want: ^1.1.13
708 silly placeDep ROOT string_decoder@1.3.0 OK for: readable-stream@3.6.2 want: ^1.1.1
709 silly placeDep ROOT util-deprecate@1.0.2 OK for: readable-stream@3.6.2 want: ^1.0.1
710 silly placeDep node_modules/@react-native-community/cli-doctor restore-cursor@3.1.0 OK for: cli-cursor@3.1.0 want: ^3.1.0
711 silly fetch manifest onetime@^5.1.0
712 silly packumentCache full:https://registry.npmjs.org/onetime cache-miss
713 http cache https://registry.npmjs.org/onetime 18ms (cache hit)
714 silly packumentCache full:https://registry.npmjs.org/onetime set size:32314 disposed:false
715 silly placeDep node_modules/@react-native-community/cli-doctor onetime@5.1.2 OK for: restore-cursor@3.1.0 want: ^5.1.0
716 silly placeDep node_modules/@react-native-community/cli-doctor mimic-fn@2.1.0 OK for: onetime@5.1.2 want: ^2.1.0
717 silly placeDep node_modules/@react-native-community/cli-server-api is-wsl@1.1.0 OK for: open@6.4.0 want: ^1.1.0
718 silly placeDep ROOT async-limiter@1.0.1 OK for: ws@6.2.6 want: ~1.0.0
719 silly placeDep node_modules/@react-native-community/cli-tools cli-cursor@3.1.0 OK for: ora@5.4.1 want: ^3.1.0
720 silly placeDep node_modules/@react-native-community/cli-tools log-symbols@4.1.0 OK for: ora@5.4.1 want: ^4.1.0
721 silly placeDep node_modules/@react-native-community/cli-tools restore-cursor@3.1.0 OK for: cli-cursor@3.1.0 want: ^3.1.0
722 silly placeDep node_modules/@react-native-community/cli-tools onetime@5.1.2 OK for: restore-cursor@3.1.0 want: ^5.1.0
723 silly placeDep node_modules/@react-native-community/cli-tools mimic-fn@2.1.0 OK for: onetime@5.1.2 want: ^2.1.0
724 silly placeDep node_modules/ansi-fragments ansi-regex@4.1.1 OK for: strip-ansi@5.2.0 want: ^4.1.0
725 silly placeDep node_modules/errorhandler mime-types@2.1.35 OK for: accepts@1.3.8 want: ~2.1.34
726 silly placeDep node_modules/errorhandler negotiator@0.6.3 OK for: accepts@1.3.8 want: 0.6.3
727 silly fetch manifest mime-db@1.52.0
728 silly packumentCache full:https://registry.npmjs.org/mime-db cache-miss
729 http fetch GET 200 https://registry.npmjs.org/mime-db 134ms (cache miss)
730 silly packumentCache full:https://registry.npmjs.org/mime-db set size:undefined disposed:false
731 silly placeDep node_modules/errorhandler mime-db@1.52.0 OK for: mime-types@2.1.35 want: 1.52.0
732 silly placeDep node_modules/execa mimic-fn@2.1.0 OK for: onetime@5.1.2 want: ^2.1.0
733 silly placeDep node_modules/logkitty cliui@6.0.0 OK for: yargs@15.4.1 want: ^6.0.0
734 silly placeDep ROOT decamelize@1.2.0 OK for: yargs@15.4.1 want: ^1.2.0
735 silly placeDep node_modules/logkitty find-up@4.1.0 OK for: yargs@15.4.1 want: ^4.1.0
736 silly placeDep ROOT require-main-filename@2.0.0 OK for: yargs@15.4.1 want: ^2.0.0
737 silly placeDep ROOT set-blocking@2.0.0 OK for: yargs@15.4.1 want: ^2.0.0
738 silly placeDep ROOT which-module@2.0.1 OK for: yargs@15.4.1 want: ^2.0.0
739 silly placeDep node_modules/logkitty y18n@4.0.3 OK for: yargs@15.4.1 want: ^4.0.0
740 silly placeDep node_modules/logkitty yargs-parser@18.1.3 OK for: yargs@15.4.1 want: ^18.1.2
741 silly fetch manifest wrap-ansi@^6.2.0
742 silly packumentCache full:https://registry.npmjs.org/wrap-ansi cache-miss
743 silly fetch manifest locate-path@^5.0.0
744 silly packumentCache full:https://registry.npmjs.org/locate-path cache-miss
745 silly fetch manifest camelcase@^5.0.0
746 silly packumentCache full:https://registry.npmjs.org/camelcase cache-miss
747 http cache https://registry.npmjs.org/locate-path 20ms (cache hit)
748 silly packumentCache full:https://registry.npmjs.org/locate-path set size:31329 disposed:false
749 http fetch GET 200 https://registry.npmjs.org/wrap-ansi 351ms (cache miss)
750 silly packumentCache full:https://registry.npmjs.org/wrap-ansi set size:undefined disposed:false
751 http fetch GET 200 https://registry.npmjs.org/camelcase 356ms (cache miss)
752 silly packumentCache full:https://registry.npmjs.org/camelcase set size:undefined disposed:false
753 silly placeDep node_modules/logkitty wrap-ansi@6.2.0 OK for: cliui@6.0.0 want: ^6.2.0
754 silly placeDep node_modules/logkitty locate-path@5.0.0 OK for: find-up@4.1.0 want: ^5.0.0
755 silly fetch manifest p-locate@^4.1.0
756 silly packumentCache full:https://registry.npmjs.org/p-locate cache-miss
757 http cache https://registry.npmjs.org/p-locate 17ms (cache hit)
758 silly packumentCache full:https://registry.npmjs.org/p-locate set size:22488 disposed:false
759 silly placeDep node_modules/logkitty p-locate@4.1.0 OK for: locate-path@5.0.0 want: ^4.1.0
760 silly fetch manifest p-limit@^2.2.0
761 silly packumentCache full:https://registry.npmjs.org/p-limit cache-miss
762 http cache https://registry.npmjs.org/p-limit 17ms (cache hit)
763 silly packumentCache full:https://registry.npmjs.org/p-limit set size:63850 disposed:false
764 silly placeDep node_modules/logkitty p-limit@2.3.0 OK for: p-locate@4.1.0 want: ^2.2.0
765 silly fetch manifest p-try@^2.0.0
766 silly packumentCache full:https://registry.npmjs.org/p-try cache-miss
767 http fetch GET 200 https://registry.npmjs.org/p-try 158ms (cache miss)
768 silly packumentCache full:https://registry.npmjs.org/p-try set size:undefined disposed:false
769 silly placeDep ROOT p-try@2.2.0 OK for: p-limit@2.3.0 want: ^2.0.0
770 silly placeDep node_modules/logkitty camelcase@5.3.1 OK for: yargs-parser@18.1.3 want: ^5.0.0
771 silly placeDep node_modules/slice-ansi color-convert@1.9.3 OK for: ansi-styles@3.2.1 want: ^1.9.0
772 silly fetch manifest color-name@1.1.3
773 silly packumentCache full:https://registry.npmjs.org/color-name cache-miss
774 http fetch GET 200 https://registry.npmjs.org/color-name 109ms (cache miss)
775 silly packumentCache full:https://registry.npmjs.org/color-name set size:undefined disposed:false
776 silly placeDep node_modules/slice-ansi color-name@1.1.3 OK for: color-convert@1.9.3 want: 1.1.3
777 silly reify mark retired [
777 silly reify   'D:\\Hackathons\\Jynex\\AgriSetu\\node_modules\\@babel\\plugin-transform-react-jsx-self'
777 silly reify ]
778 silly reify mark retired [
778 silly reify   'D:\\Hackathons\\Jynex\\AgriSetu\\node_modules\\@babel\\plugin-transform-react-jsx-source'
778 silly reify ]
779 silly reify mark retired [
779 silly reify   'D:\\Hackathons\\Jynex\\AgriSetu\\node_modules\\@babel\\plugin-transform-regenerator'
779 silly reify ]
780 silly reify mark retired [
780 silly reify   'D:\\Hackathons\\Jynex\\AgriSetu\\node_modules\\@react-native\\babel-preset'
780 silly reify ]
781 silly reify mark retired [
781 silly reify   'D:\\Hackathons\\Jynex\\AgriSetu\\node_modules\\@react-native\\metro-babel-transformer'
781 silly reify ]
782 silly reify mark retired [
782 silly reify   'D:\\Hackathons\\Jynex\\AgriSetu\\node_modules\\@react-native\\metro-config'
782 silly reify ]
783 silly reify moves {
783 silly reify   'D:\\Hackathons\\Jynex\\AgriSetu\\node_modules\\@babel\\plugin-transform-react-jsx-self': 'D:\\Hackathons\\Jynex\\AgriSetu\\node_modules\\@babel\\.plugin-transform-react-jsx-self-NviqwmNf',
783 silly reify   'D:\\Hackathons\\Jynex\\AgriSetu\\node_modules\\@babel\\plugin-transform-react-jsx-source': 'D:\\Hackathons\\Jynex\\AgriSetu\\node_modules\\@babel\\.plugin-transform-react-jsx-source-yXb0zPIo',
783 silly reify   'D:\\Hackathons\\Jynex\\AgriSetu\\node_modules\\@babel\\plugin-transform-regenerator': 'D:\\Hackathons\\Jynex\\AgriSetu\\node_modules\\@babel\\.plugin-transform-regenerator-Wtc7RLY3',
783 silly reify   'D:\\Hackathons\\Jynex\\AgriSetu\\node_modules\\@react-native\\babel-preset': 'D:\\Hackathons\\Jynex\\AgriSetu\\node_modules\\@react-native\\.babel-preset-c2ttErkD',
783 silly reify   'D:\\Hackathons\\Jynex\\AgriSetu\\node_modules\\@react-native\\metro-babel-transformer': 'D:\\Hackathons\\Jynex\\AgriSetu\\node_modules\\@react-native\\.metro-babel-transformer-md0DAGFj',
783 silly reify   'D:\\Hackathons\\Jynex\\AgriSetu\\node_modules\\@react-native\\metro-config': 'D:\\Hackathons\\Jynex\\AgriSetu\\node_modules\\@react-native\\.metro-config-vuGzgKYe'
783 silly reify }
784 silly audit bulk request {
784 silly audit   '@babel/code-frame': [ '7.29.7' ],
784 silly audit   '@babel/compat-data': [ '7.29.7' ],
784 silly audit   '@babel/core': [ '7.29.7' ],
784 silly audit   semver: [ '6.3.1', '7.8.5' ],
784 silly audit   '@babel/generator': [ '7.29.8' ],
784 silly audit   '@babel/helper-annotate-as-pure': [ '7.29.7' ],
784 silly audit   '@babel/helper-compilation-targets': [ '7.29.7' ],
784 silly audit   '@babel/helper-create-class-features-plugin': [ '7.29.7' ],
784 silly audit   '@babel/helper-create-regexp-features-plugin': [ '7.29.7' ],
784 silly audit   '@babel/helper-define-polyfill-provider': [ '0.6.8' ],
784 silly audit   '@babel/helper-globals': [ '7.29.7' ],
784 silly audit   '@babel/helper-member-expression-to-functions': [ '7.29.7' ],
784 silly audit   '@babel/helper-module-imports': [ '7.29.7' ],
784 silly audit   '@babel/helper-module-transforms': [ '7.29.7' ],
784 silly audit   '@babel/helper-optimise-call-expression': [ '7.29.7' ],
784 silly audit   '@babel/helper-plugin-utils': [ '7.29.7' ],
784 silly audit   '@babel/helper-remap-async-to-generator': [ '7.29.7' ],
784 silly audit   '@babel/helper-replace-supers': [ '7.29.7' ],
784 silly audit   '@babel/helper-skip-transparent-expression-wrappers': [ '7.29.7' ],
784 silly audit   '@babel/helper-string-parser': [ '7.29.7' ],
784 silly audit   '@babel/helper-validator-identifier': [ '7.29.7' ],
784 silly audit   '@babel/helper-validator-option': [ '7.29.7' ],
784 silly audit   '@babel/helper-wrap-function': [ '7.29.7' ],
784 silly audit   '@babel/helpers': [ '7.29.7' ],
784 silly audit   '@babel/parser': [ '7.29.8' ],
784 silly audit   '@babel/plugin-proposal-decorators': [ '7.29.7' ],
784 silly audit   '@babel/plugin-proposal-export-default-from': [ '7.29.7' ],
784 silly audit   '@babel/plugin-syntax-decorators': [ '7.29.7' ],
784 silly audit   '@babel/plugin-syntax-dynamic-import': [ '7.8.3' ],
784 silly audit   '@babel/plugin-syntax-export-default-from': [ '7.29.7' ],
784 silly audit   '@babel/plugin-syntax-flow': [ '7.29.7' ],
784 silly audit   '@babel/plugin-syntax-jsx': [ '7.29.7' ],
784 silly audit   '@babel/plugin-syntax-nullish-coalescing-operator': [ '7.8.3' ],
784 silly audit   '@babel/plugin-syntax-optional-chaining': [ '7.8.3' ],
784 silly audit   '@babel/plugin-syntax-typescript': [ '7.29.7' ],
784 silly audit   '@babel/plugin-transform-arrow-functions': [ '7.29.7' ],
784 silly audit   '@babel/plugin-transform-async-generator-functions': [ '7.29.7' ],
784 silly audit   '@babel/plugin-transform-async-to-generator': [ '7.29.7' ],
784 silly audit   '@babel/plugin-transform-block-scoping': [ '7.29.7' ],
784 silly audit   '@babel/plugin-transform-class-properties': [ '7.29.7' ],
784 silly audit   '@babel/plugin-transform-class-static-block': [ '7.29.7' ],
784 silly audit   '@babel/plugin-transform-classes': [ '7.29.7' ],
784 silly audit   '@babel/plugin-transform-destructuring': [ '7.29.7' ],
784 silly audit   '@babel/plugin-transform-export-namespace-from': [ '7.29.7' ],
784 silly audit   '@babel/plugin-transform-flow-strip-types': [ '7.29.7' ],
784 silly audit   '@babel/plugin-transform-for-of': [ '7.29.7' ],
784 silly audit   '@babel/plugin-transform-logical-assignment-operators': [ '7.29.7' ],
784 silly audit   '@babel/plugin-transform-modules-commonjs': [ '7.29.7' ],
784 silly audit   '@babel/plugin-transform-named-capturing-groups-regex': [ '7.29.7' ],
784 silly audit   '@babel/plugin-transform-nullish-coalescing-operator': [ '7.29.7' ],
784 silly audit   '@babel/plugin-transform-object-rest-spread': [ '7.29.7' ],
784 silly audit   '@babel/plugin-transform-optional-catch-binding': [ '7.29.7' ],
784 silly audit   '@babel/plugin-transform-optional-chaining': [ '7.29.7' ],
784 silly audit   '@babel/plugin-transform-parameters': [ '7.29.7' ],
784 silly audit   '@babel/plugin-transform-private-methods': [ '7.29.7' ],
784 silly audit   '@babel/plugin-transform-private-property-in-object': [ '7.29.7' ],
784 silly audit   '@babel/plugin-transform-react-display-name': [ '7.29.7' ],
784 silly audit   '@babel/plugin-transform-react-jsx': [ '7.29.7' ],
784 silly audit   '@babel/plugin-transform-react-jsx-development': [ '7.29.7' ],
784 silly audit   '@babel/plugin-transform-react-pure-annotations': [ '7.29.7' ],
784 silly audit   '@babel/plugin-transform-runtime': [ '7.29.7' ],
784 silly audit   '@babel/plugin-transform-shorthand-properties': [ '7.29.7' ],
784 silly audit   '@babel/plugin-transform-template-literals': [ '7.29.7' ],
784 silly audit   '@babel/plugin-transform-typescript': [ '7.29.7' ],
784 silly audit   '@babel/plugin-transform-unicode-regex': [ '7.29.7' ],
784 silly audit   '@babel/preset-typescript': [ '7.29.7' ],
784 silly audit   '@babel/runtime': [ '7.29.7' ],
784 silly audit   '@babel/template': [ '7.29.7' ],
784 silly audit   '@babel/traverse': [ '7.29.8' ],
784 silly audit   '@babel/types': [ '7.29.8' ],
784 silly audit   '@egjs/hammerjs': [ '2.0.17' ],
784 silly audit   '@expo-google-fonts/material-symbols': [ '0.4.45' ],
784 silly audit   '@expo/code-signing-certificates': [ '0.0.6' ],
784 silly audit   '@expo/config': [ '57.0.9' ],
784 silly audit   '@expo/config-plugins': [ '57.0.9' ],
784 silly audit   '@expo/config-types': [ '57.0.2' ],
784 silly audit   '@expo/devcert': [ '1.2.1' ],
784 silly audit   debug: [ '3.2.7', '2.6.9', '4.4.3' ],
784 silly audit   '@expo/devtools': [ '57.0.1' ],
784 silly audit   '@expo/dom-webview': [ '57.0.1' ],
784 silly audit   '@expo/env': [ '2.4.2' ],
784 silly audit   '@expo/expo-modules-macros-plugin': [ '0.6.1' ],
784 silly audit   '@expo/fingerprint': [ '0.20.10' ],
784 silly audit   '@expo/image-utils': [ '0.11.5' ],
784 silly audit   '@expo/inline-modules': [ '0.1.7' ],
784 silly audit   '@expo/json-file': [ '11.0.1' ],
784 silly audit   '@expo/local-build-cache-provider': [ '57.0.8' ],
784 silly audit   '@expo/log-box': [ '57.0.4' ],
784 silly audit   '@expo/metro': [ '56.0.2' ],
784 silly audit   '@expo/metro-config': [ '57.0.11' ],
784 silly audit   '@expo/metro-file-map': [ '57.0.2' ],
784 silly audit   '@expo/metro-runtime': [ '57.0.14' ],
784 silly audit   '@expo/osascript': [ '2.7.1' ],
784 silly audit   '@expo/package-manager': [ '1.13.1' ],
784 silly audit   '@expo/plist': [ '0.8.1' ],
784 silly audit   '@expo/prebuild-config': [ '57.0.15' ],
784 silly audit   '@expo/require-utils': [ '57.0.5' ],
784 silly audit   '@expo/schema-utils': [ '57.0.2' ],
784 silly audit   '@expo/sdk-runtime-versions': [ '1.0.0' ],
784 silly audit   '@expo/spawn-async': [ '1.8.0' ],
784 silly audit   '@expo/sudo-prompt': [ '9.3.2' ],
784 silly audit   '@expo/ui': [ '57.0.14' ],
784 silly audit   '@expo/vector-icons': [ '15.1.1' ],
784 silly audit   '@expo/xcpretty': [ '4.4.4' ],
784 silly audit   '@isaacs/ttlcache': [ '1.4.1' ],
784 silly audit   '@jest/schemas': [ '29.6.3' ],
784 silly audit   '@jest/types': [ '29.6.3' ],
784 silly audit   '@jridgewell/gen-mapping': [ '0.3.13' ],
784 silly audit   '@jridgewell/remapping': [ '2.3.5' ],
784 silly audit   '@jridgewell/resolve-uri': [ '3.1.2' ],
784 silly audit   '@jridgewell/source-map': [ '0.3.11' ],
784 silly audit   '@jridgewell/sourcemap-codec': [ '1.5.5' ],
784 silly audit   '@jridgewell/trace-mapping': [ '0.3.31' ],
784 silly audit   '@radix-ui/primitive': [ '1.1.7' ],
784 silly audit   '@radix-ui/react-collection': [ '1.1.15' ],
784 silly audit   '@radix-ui/react-compose-refs': [ '1.1.5' ],
784 silly audit   '@radix-ui/react-context': [ '1.2.2' ],
784 silly audit   '@radix-ui/react-dialog': [ '1.1.23' ],
784 silly audit   '@radix-ui/react-direction': [ '1.1.4' ],
784 silly audit   '@radix-ui/react-dismissable-layer': [ '1.1.19' ],
784 silly audit   '@radix-ui/react-focus-guards': [ '1.1.6' ],
784 silly audit   '@radix-ui/react-focus-scope': [ '1.1.16' ],
784 silly audit   '@radix-ui/react-id': [ '1.1.4' ],
784 silly audit   '@radix-ui/react-portal': [ '1.1.17' ],
784 silly audit   '@radix-ui/react-presence': [ '1.1.10' ],
784 silly audit   '@radix-ui/react-primitive': [ '2.1.10' ],
784 silly audit   '@radix-ui/react-roving-focus': [ '1.1.19' ],
784 silly audit   '@radix-ui/react-slot': [ '1.3.3' ],
784 silly audit   '@radix-ui/react-tabs': [ '1.1.21' ],
784 silly audit   '@radix-ui/react-use-callback-ref': [ '1.1.4' ],
784 silly audit   '@radix-ui/react-use-controllable-state': [ '1.2.6' ],
784 silly audit   '@radix-ui/react-use-effect-event': [ '0.0.5' ],
784 silly audit   '@radix-ui/react-use-is-hydrated': [ '0.1.3' ],
784 silly audit   '@radix-ui/react-use-layout-effect': [ '1.1.4' ],
784 silly audit   '@react-native-masked-view/masked-view': [ '0.3.2' ],
784 silly audit   '@react-native/assets-registry': [ '0.86.3' ],
784 silly audit   '@react-native/babel-plugin-codegen': [ '0.86.3' ],
784 silly audit   'babel-plugin-syntax-hermes-parser': [ '0.36.1', '0.36.0' ],
784 silly audit   'hermes-estree': [ '0.36.0', '0.36.1', '0.35.0' ],
784 silly audit   'hermes-parser': [ '0.36.0', '0.36.1', '0.35.0' ],
784 silly audit   '@react-native/codegen': [ '0.86.3' ],
784 silly audit   '@react-native/community-cli-plugin': [ '0.86.3' ],
784 silly audit   '@react-native/debugger-frontend': [ '0.86.3' ],
784 silly audit   '@react-native/debugger-shell': [ '0.86.3' ],
784 silly audit   '@react-native/dev-middleware': [ '0.86.3' ],
784 silly audit   '@react-native/gradle-plugin': [ '0.86.3' ],
784 silly audit   '@react-native/js-polyfills': [ '0.86.3' ],
784 silly audit   '@react-native/normalize-colors': [ '0.86.3', '0.74.89' ],
784 silly audit   '@react-native/virtualized-lists': [ '0.86.3' ],
784 silly audit   '@sinclair/typebox': [ '0.27.12' ],
784 silly audit   '@supabase/auth-js': [ '2.112.4' ],
784 silly audit   '@supabase/functions-js': [ '2.112.4' ],
784 silly audit   '@supabase/phoenix': [ '0.4.5' ],
784 silly audit   '@supabase/postgrest-js': [ '2.112.4' ],
784 silly audit   '@supabase/realtime-js': [ '2.112.4' ],
784 silly audit   '@supabase/storage-js': [ '2.112.4' ],
784 silly audit   '@supabase/supabase-js': [ '2.112.4' ],
784 silly audit   '@types/hammerjs': [ '2.0.46' ],
784 silly audit   '@types/istanbul-lib-coverage': [ '2.0.6' ],
784 silly audit   '@types/istanbul-lib-report': [ '3.0.3' ],
784 silly audit   '@types/istanbul-reports': [ '3.0.4' ],
784 silly audit   '@types/node': [ '26.4.0' ],
784 silly audit   '@types/react': [ '19.2.18' ],
784 silly audit   '@types/react-test-renderer': [ '19.1.0' ],
784 silly audit   '@types/yargs': [ '17.0.35' ],
784 silly audit   '@types/yargs-parser': [ '21.0.3' ],
784 silly audit   '@ungap/structured-clone': [ '1.3.4' ],
784 silly audit   '@xmldom/xmldom': [ '0.8.15', '0.9.12' ],
784 silly audit   'abort-controller': [ '3.0.0' ],
784 silly audit   accepts: [ '2.0.0', '1.3.8' ],
784 silly audit   acorn: [ '8.18.0' ],
784 silly audit   'agent-base': [ '7.1.4' ],
784 silly audit   'agent-cli-detector': [ '0.1.6' ],
784 silly audit   anser: [ '1.4.10' ],
784 silly audit   'ansi-escapes': [ '4.3.2' ],
784 silly audit   'type-fest': [ '0.21.3', '0.7.1' ],
784 silly audit   'ansi-regex': [ '5.0.1', '4.1.1' ],
784 silly audit   'ansi-styles': [ '4.3.0', '3.2.1', '5.2.0' ],
784 silly audit   arg: [ '5.0.2' ],
784 silly audit   argparse: [ '2.0.1' ],
784 silly audit   'aria-hidden': [ '1.2.6' ],
784 silly audit   asap: [ '2.0.6' ],
784 silly audit   'babel-plugin-polyfill-corejs2': [ '0.4.17' ],
784 silly audit   'babel-plugin-polyfill-corejs3': [ '0.13.0' ],
784 silly audit   'babel-plugin-polyfill-regenerator': [ '0.6.8' ],
784 silly audit   'babel-plugin-react-compiler': [ '1.0.0' ],
784 silly audit   'babel-plugin-react-native-web': [ '0.21.2' ],
784 silly audit   'babel-plugin-transform-flow-enums': [ '0.0.2' ],
784 silly audit   'babel-preset-expo': [ '57.0.9' ],
784 silly audit   'balanced-match': [ '4.0.4' ],
784 silly audit   'base64-js': [ '1.5.1' ],
784 silly audit   'baseline-browser-mapping': [ '2.11.19' ],
784 silly audit   'big-integer': [ '1.6.52' ],
784 silly audit   'bplist-creator': [ '0.1.0' ],
784 silly audit   'bplist-parser': [ '0.3.1' ],
784 silly audit   'brace-expansion': [ '5.0.9' ],
784 silly audit   braces: [ '3.0.3' ],
784 silly audit   browserslist: [ '4.28.8' ],
784 silly audit   bser: [ '2.1.1' ],
784 silly audit   'buffer-from': [ '1.1.2' ],
784 silly audit   bytes: [ '3.1.2' ],
784 silly audit   camelcase: [ '6.3.0', '5.3.1' ],
784 silly audit   'caniuse-lite': [ '1.0.30001810' ],
784 silly audit   chalk: [ '4.1.2', '2.4.2' ],
784 silly audit   'chrome-launcher': [ '0.15.2' ],
784 silly audit   'chromium-edge-launcher': [ '0.3.0' ],
784 silly audit   'ci-info': [ '2.0.0', '3.9.0' ],
784 silly audit   'cli-cursor': [ '2.1.0', '3.1.0' ],
784 silly audit   'cli-spinners': [ '2.9.2' ],
784 silly audit   'client-only': [ '0.0.1' ],
784 silly audit   cliui: [ '8.0.1', '6.0.0' ],
784 silly audit   clone: [ '1.0.4' ],
784 silly audit   color: [ '4.2.3' ],
784 silly audit   'color-convert': [ '2.0.1', '1.9.3' ],
784 silly audit   'color-name': [ '1.1.4', '1.1.3' ],
784 silly audit   'color-string': [ '1.9.1' ],
784 silly audit   commander: [ '7.2.0', '12.1.0', '2.20.3', '9.5.0' ],
784 silly audit   compressible: [ '2.0.18' ],
784 silly audit   compression: [ '1.8.1' ],
784 silly audit   ms: [ '2.0.0', '2.1.3' ],
784 silly audit   negotiator: [ '0.6.4', '0.6.3', '1.1.0' ],
784 silly audit   connect: [ '3.7.0' ],
784 silly audit   'content-type': [ '2.1.0' ],
784 silly audit   'convert-source-map': [ '2.0.0' ],
784 silly audit   'core-js-compat': [ '3.50.0' ],
784 silly audit   'cross-fetch': [ '3.2.0' ],
784 silly audit   'cross-spawn': [ '7.0.6' ],
784 silly audit   'css-in-js-utils': [ '3.1.0' ],
784 silly audit   csstype: [ '3.2.3' ],
784 silly audit   'decode-uri-component': [ '0.2.2' ],
784 silly audit   deepmerge: [ '4.3.1' ],
784 silly audit   defaults: [ '1.0.4' ],
784 silly audit   depd: [ '2.0.0' ],
784 silly audit   destroy: [ '1.2.0' ],
784 silly audit   'detect-libc': [ '2.1.2' ],
784 silly audit   'detect-node-es': [ '1.1.0' ],
784 silly audit   'dnssd-advertise': [ '1.1.6' ],
784 silly audit   'ee-first': [ '1.1.1' ],
784 silly audit   'electron-to-chromium': [ '1.5.415' ],
784 silly audit   'emoji-regex': [ '8.0.0' ],
784 silly audit   encodeurl: [ '1.0.2', '2.0.0' ],
784 silly audit   'error-stack-parser': [ '2.1.4' ],
784 silly audit   'es-errors': [ '1.3.0' ],
784 silly audit   escalade: [ '3.2.0' ],
784 silly audit   'escape-html': [ '1.0.3' ],
784 silly audit   'escape-string-regexp': [ '4.0.0', '1.0.5' ],
784 silly audit   etag: [ '1.8.1' ],
784 silly audit   'event-target-shim': [ '5.0.1' ],
784 silly audit   expo: [ '57.0.17' ],
784 silly audit   'expo-asset': [ '57.0.15' ],
784 silly audit   'expo-constants': [ '57.0.15' ],
784 silly audit   'expo-device': [ '57.0.1' ],
784 silly audit   'expo-file-system': [ '57.0.6' ],
784 silly audit   'expo-font': [ '57.0.1' ],
784 silly audit   'expo-glass-effect': [ '57.0.1' ],
784 silly audit   'expo-image': [ '57.0.3' ],
784 silly audit   'expo-keep-awake': [ '57.0.1' ],
784 silly audit   'expo-linking': [ '57.0.8' ],
784 silly audit   'expo-modules-autolinking': [ '57.0.12' ],
784 silly audit   'expo-modules-core': [ '57.0.14' ],
784 silly audit   'expo-modules-jsi': [ '57.0.6' ],
784 silly audit   'expo-router': [ '57.0.17' ],
784 silly audit   'expo-server': [ '57.0.3' ],
784 silly audit   'expo-splash-screen': [ '57.0.8' ],
784 silly audit   'expo-status-bar': [ '57.0.1' ],
784 silly audit   'expo-symbols': [ '57.0.2' ],
784 silly audit   'expo-system-ui': [ '57.0.3' ],
784 silly audit   'expo-web-browser': [ '57.0.2' ],
784 silly audit   '@expo/cli': [ '57.0.19' ],
784 silly audit   '@expo/router-server': [ '57.0.8' ],
784 silly audit   '@expo/ws-tunnel': [ '2.0.0' ],
784 silly audit   'mime-db': [ '1.52.0', '1.54.0' ],
784 silly audit   'mime-types': [ '2.1.35', '3.0.2' ],
784 silly audit   ws: [ '8.21.3', '7.5.13', '6.2.6' ],
784 silly audit   'exponential-backoff': [ '3.1.3' ],
784 silly audit   'fast-deep-equal': [ '3.1.3' ],
784 silly audit   'fb-dotslash': [ '0.5.8' ],
784 silly audit   'fb-watchman': [ '2.0.2' ],
784 silly audit   fbjs: [ '3.0.5' ],
784 silly audit   'fbjs-css-vars': [ '1.0.2' ],
784 silly audit   promise: [ '7.3.1', '8.3.0' ],
784 silly audit   'ua-parser-js': [ '1.0.41', '0.7.41' ],
784 silly audit   fdir: [ '6.5.0' ],
784 silly audit   'fetch-nodeshim': [ '0.4.10' ],
784 silly audit   'fill-range': [ '7.1.1' ],
784 silly audit   'filter-obj': [ '1.1.0' ],
784 silly audit   finalhandler: [ '1.1.2' ],
784 silly audit   'flow-enums-runtime': [ '0.0.6' ],
784 silly audit   fontfaceobserver: [ '2.3.0' ],
784 silly audit   fresh: [ '0.5.2' ],
784 silly audit   'function-bind': [ '1.1.2' ],
784 silly audit   gensync: [ '1.0.0-beta.2' ],
784 silly audit   'get-caller-file': [ '2.0.5' ],
784 silly audit   'get-nonce': [ '1.0.1' ],
784 silly audit   getenv: [ '2.0.0' ],
784 silly audit   glob: [ '13.0.6' ],
784 silly audit   'graceful-fs': [ '4.2.11' ],
784 silly audit   'has-flag': [ '4.0.0', '3.0.0' ],
784 silly audit   hasown: [ '2.0.4' ],
784 silly audit   'hermes-compiler': [ '250829098.0.17' ],
784 silly audit   'hoist-non-react-statics': [ '3.3.2' ],
784 silly audit   'react-is': [ '16.13.1', '18.3.1', '19.2.8' ],
784 silly audit   'hosted-git-info': [ '7.0.2' ],
784 silly audit   'lru-cache': [ '10.4.3', '5.1.1', '11.5.2' ],
784 silly audit   'http-errors': [ '2.0.1' ],
784 silly audit   statuses: [ '2.0.2', '1.5.0' ],
784 silly audit   'https-proxy-agent': [ '7.0.6' ],
784 silly audit   'hyphenate-style-name': [ '1.1.0' ],
784 silly audit   'iceberg-js': [ '0.8.1' ],
784 silly audit   ignore: [ '5.3.2' ],
784 silly audit   inherits: [ '2.0.4' ],
784 silly audit   'inline-style-prefixer': [ '7.0.1' ],
784 silly audit   invariant: [ '2.2.4' ],
784 silly audit   'is-arrayish': [ '0.3.4', '0.2.1' ],
784 silly audit   'is-core-module': [ '2.16.2' ],
784 silly audit   'is-docker': [ '2.2.1' ],
784 silly audit   'is-fullwidth-code-point': [ '3.0.0', '2.0.0' ],
784 silly audit   'is-number': [ '7.0.0' ],
784 silly audit   'is-wsl': [ '2.2.0', '1.1.0' ],
784 silly audit   isexe: [ '2.0.0' ],
784 silly audit   'jest-get-type': [ '29.6.3' ],
784 silly audit   'jest-util': [ '29.7.0' ],
784 silly audit   picomatch: [ '2.3.2', '4.0.7' ],
784 silly audit   'jest-validate': [ '29.7.0' ],
784 silly audit   'jest-worker': [ '29.7.0' ],
784 silly audit   'supports-color': [ '8.1.1', '5.5.0', '7.2.0' ],
784 silly audit   'jimp-compact': [ '0.16.1' ],
784 silly audit   'js-tokens': [ '4.0.0' ],
784 silly audit   'js-yaml': [ '4.3.2' ],
784 silly audit   'jsc-safe-url': [ '0.2.4' ],
784 silly audit   jsesc: [ '3.1.0' ],
784 silly audit   json5: [ '2.2.3' ],
784 silly audit   kleur: [ '3.0.3' ],
784 silly audit   'lan-network': [ '0.2.1' ],
784 silly audit   leven: [ '3.1.0' ],
784 silly audit   'lighthouse-logger': [ '1.4.2' ],
784 silly audit   lightningcss: [ '1.33.0' ],
784 silly audit   'lightningcss-android-arm64': [ '1.33.0' ],
784 silly audit   'lightningcss-darwin-arm64': [ '1.33.0' ],
784 silly audit   'lightningcss-darwin-x64': [ '1.33.0' ],
784 silly audit   'lightningcss-freebsd-x64': [ '1.33.0' ],
784 silly audit   'lightningcss-linux-arm-gnueabihf': [ '1.33.0' ],
784 silly audit   'lightningcss-linux-arm64-gnu': [ '1.33.0' ],
784 silly audit   'lightningcss-linux-arm64-musl': [ '1.33.0' ],
784 silly audit   'lightningcss-linux-x64-gnu': [ '1.33.0' ],
784 silly audit   'lightningcss-linux-x64-musl': [ '1.33.0' ],
784 silly audit   'lightningcss-win32-arm64-msvc': [ '1.33.0' ],
784 silly audit   'lightningcss-win32-x64-msvc': [ '1.33.0' ],
784 silly audit   'lodash.debounce': [ '4.0.8' ],
784 silly audit   'lodash.throttle': [ '4.1.1' ],
784 silly audit   'log-symbols': [ '2.2.0', '4.1.0' ],
784 silly audit   'loose-envify': [ '1.4.0' ],
784 silly audit   makeerror: [ '1.0.12' ],
784 silly audit   marky: [ '1.3.0' ],
784 silly audit   'memoize-one': [ '5.2.1', '6.0.0' ],
784 silly audit   'merge-stream': [ '2.0.0' ],
784 silly audit   metro: [ '0.84.5' ],
784 silly audit   'metro-babel-transformer': [ '0.84.5' ],
784 silly audit   'metro-cache': [ '0.84.5' ],
784 silly audit   'metro-cache-key': [ '0.84.5' ],
784 silly audit   'metro-config': [ '0.84.5' ],
784 silly audit   'metro-core': [ '0.84.5' ],
784 silly audit   'metro-file-map': [ '0.84.5' ],
784 silly audit   'metro-minify-terser': [ '0.84.5' ],
784 silly audit   'metro-resolver': [ '0.84.5' ],
784 silly audit   'metro-runtime': [ '0.84.5' ],
784 silly audit   'metro-source-map': [ '0.84.5' ],
784 silly audit   'metro-symbolicate': [ '0.84.5' ],
784 silly audit   'metro-transform-plugins': [ '0.84.5' ],
784 silly audit   'metro-transform-worker': [ '0.84.5' ],
784 silly audit   micromatch: [ '4.0.8' ],
784 silly audit   mime: [ '1.6.0', '2.6.0' ],
784 silly audit   'mimic-fn': [ '1.2.0', '2.1.0' ],
784 silly audit   minimatch: [ '10.2.6' ],
784 silly audit   minipass: [ '7.1.3' ],
784 silly audit   mkdirp: [ '1.0.4' ],
784 silly audit   multitars: [ '1.0.2' ],
784 silly audit   nanoid: [ '3.3.18' ],
784 silly audit   'node-fetch': [ '2.7.0' ],
784 silly audit   'node-forge': [ '1.4.0' ],
784 silly audit   'node-int64': [ '0.4.0' ],
784 silly audit   'node-releases': [ '2.0.53' ],
784 silly audit   'npm-package-arg': [ '11.0.3' ],
784 silly audit   nullthrows: [ '1.1.1' ],
784 silly audit   ob1: [ '0.84.5' ],
784 silly audit   'object-assign': [ '4.1.1' ],
784 silly audit   'on-finished': [ '2.3.0', '2.4.1' ],
784 silly audit   'on-headers': [ '1.1.0' ],
784 silly audit   onetime: [ '2.0.1', '5.1.2' ],
784 silly audit   open: [ '7.4.2', '6.4.0' ],
784 silly audit   ora: [ '3.4.0', '5.4.1' ],
784 silly audit   'strip-ansi': [ '5.2.0', '6.0.1' ],
784 silly audit   'parse-png': [ '2.1.0' ],
784 silly audit   parseurl: [ '1.3.3' ],
784 silly audit   'path-key': [ '3.1.1' ],
784 silly audit   'path-parse': [ '1.0.7' ],
784 silly audit   'path-scurry': [ '2.0.2' ],
784 silly audit   picocolors: [ '1.1.1' ],
784 silly audit   plist: [ '3.1.1' ],
784 silly audit   pngjs: [ '3.4.0' ],
784 silly audit   postcss: [ '8.5.26' ],
784 silly audit   'postcss-value-parser': [ '4.2.0' ],
784 silly audit   'pretty-format': [ '29.7.0' ],
784 silly audit   'proc-log': [ '4.2.0' ],
784 silly audit   progress: [ '2.0.3' ],
784 silly audit   prompts: [ '2.4.2' ],
784 silly audit   'query-string': [ '7.1.3' ],
784 silly audit   'range-parser': [ '1.2.1' ],
784 silly audit   react: [ '19.2.3' ],
784 silly audit   'react-devtools-core': [ '6.1.5' ],
784 silly audit   'react-dom': [ '19.2.3' ],
784 silly audit   'react-fast-compare': [ '3.2.2' ],
784 silly audit   'react-freeze': [ '1.0.4' ],
784 silly audit   'react-native': [ '0.86.3' ],
784 silly audit   'react-native-drawer-layout': [ '4.2.10' ],
784 silly audit   'react-native-gesture-handler': [ '2.32.0' ],
784 silly audit   'react-native-is-edge-to-edge': [ '1.3.1' ],
784 silly audit   'react-native-reanimated': [ '4.5.1' ],
784 silly audit   'react-native-safe-area-context': [ '5.7.0' ],
784 silly audit   'react-native-screens': [ '4.26.2' ],
784 silly audit   'react-native-web': [ '0.21.2' ],
784 silly audit   'react-native-worklets': [ '0.10.1' ],
784 silly audit   'react-refresh': [ '0.14.2' ],
784 silly audit   'react-remove-scroll': [ '2.7.2' ],
784 silly audit   'react-remove-scroll-bar': [ '2.3.8' ],
784 silly audit   'react-style-singleton': [ '2.2.3' ],
784 silly audit   regenerate: [ '1.4.2' ],
784 silly audit   'regenerate-unicode-properties': [ '10.2.2' ],
784 silly audit   'regenerator-runtime': [ '0.13.11' ],
784 silly audit   'regexpu-core': [ '6.4.0' ],
784 silly audit   regjsgen: [ '0.8.0' ],
784 silly audit   regjsparser: [ '0.13.2' ],
784 silly audit   'require-directory': [ '2.1.1' ],
784 silly audit   resolve: [ '1.22.12' ],
784 silly audit   'resolve-from': [ '5.0.0', '4.0.0' ],
784 silly audit   'resolve-workspace-root': [ '2.0.1' ],
784 silly audit   'restore-cursor': [ '2.0.0', '3.1.0' ],
784 silly audit   'safe-buffer': [ '5.2.1' ],
784 silly audit   'sandbox-cli-detector': [ '0.2.0' ],
784 silly audit   sax: [ '1.6.1' ],
784 silly audit   scheduler: [ '0.27.0' ],
784 silly audit   send: [ '0.19.2' ],
784 silly audit   'serialize-error': [ '2.1.0' ],
784 silly audit   'serve-static': [ '1.16.3' ],
784 silly audit   'server-only': [ '0.0.1' ],
784 silly audit   setimmediate: [ '1.0.5' ],
784 silly audit   setprototypeof: [ '1.2.0' ],
784 silly audit   'sf-symbols-typescript': [ '2.2.0' ],
784 silly audit   shallowequal: [ '1.1.0' ],
784 silly audit   'shebang-command': [ '2.0.0' ],
784 silly audit   'shebang-regex': [ '3.0.0' ],
784 silly audit   'shell-quote': [ '1.10.0' ],
784 silly audit   'signal-exit': [ '3.0.7' ],
784 silly audit   'simple-plist': [ '1.3.1' ],
784 silly audit   'simple-swizzle': [ '0.2.4' ],
784 silly audit   sisteransi: [ '1.0.5' ],
784 silly audit   slugify: [ '1.6.9' ],
784 silly audit   'source-map': [ '0.5.7', '0.6.1' ],
784 silly audit   'source-map-js': [ '1.2.1' ],
784 silly audit   'source-map-support': [ '0.5.21' ],
784 silly audit   'split-on-first': [ '1.1.0' ],
784 silly audit   stackframe: [ '1.3.4' ],
784 silly audit   'stacktrace-parser': [ '0.1.11' ],
784 silly audit   'standard-navigation': [ '0.0.5' ],
784 silly audit   'stream-buffers': [ '2.2.0' ],
784 silly audit   'strict-uri-encode': [ '2.0.0' ],
784 silly audit   'string-width': [ '4.2.3' ],
784 silly audit   'structured-headers': [ '0.4.1' ],
784 silly audit   styleq: [ '0.1.3' ],
784 silly audit   'supports-hyperlinks': [ '2.3.0' ],
784 silly audit   'supports-preserve-symlinks-flag': [ '1.0.0' ],
784 silly audit   'terminal-link': [ '2.1.1' ],
784 silly audit   terser: [ '5.51.0' ],
784 silly audit   throat: [ '5.0.0' ],
784 silly audit   tinyglobby: [ '0.2.17' ],
784 silly audit   tmpl: [ '1.0.5' ],
784 silly audit   'to-regex-range': [ '5.0.1' ],
784 silly audit   toidentifier: [ '1.0.1' ],
784 silly audit   toqr: [ '0.1.1' ],
784 silly audit   tr46: [ '0.0.3' ],
784 silly audit   tslib: [ '2.8.1' ],
784 silly audit   typescript: [ '6.0.3' ],
784 silly audit   'undici-types': [ '8.3.0' ],
784 silly audit   'unicode-canonical-property-names-ecmascript': [ '2.0.1' ],
784 silly audit   'unicode-match-property-ecmascript': [ '2.0.0' ],
784 silly audit   'unicode-match-property-value-ecmascript': [ '2.2.1' ],
784 silly audit   'unicode-property-aliases-ecmascript': [ '2.2.0' ],
784 silly audit   unpipe: [ '1.0.0' ],
784 silly audit   'update-browserslist-db': [ '1.3.1' ],
784 silly audit   'use-callback-ref': [ '1.3.3' ],
784 silly audit   'use-latest-callback': [ '0.2.6' ],
784 silly audit   'use-sidecar': [ '1.1.3' ],
784 silly audit   'utils-merge': [ '1.0.1' ],
784 silly audit   uuid: [ '7.0.3' ],
784 silly audit   'validate-npm-package-name': [ '5.0.1' ],
784 silly audit   vary: [ '1.1.2' ],
784 silly audit   vaul: [ '1.1.2' ],
784 silly audit   vlq: [ '1.0.1' ],
784 silly audit   walker: [ '1.0.8' ],
784 silly audit   'warn-once': [ '0.1.1' ],
784 silly audit   wcwidth: [ '1.0.1' ],
784 silly audit   'webidl-conversions': [ '3.0.1' ],
784 silly audit   'whatwg-fetch': [ '3.6.20' ],
784 silly audit   'whatwg-url': [ '5.0.0' ],
784 silly audit   'whatwg-url-minimum': [ '0.1.2' ],
784 silly audit   which: [ '2.0.2' ],
784 silly audit   'wrap-ansi': [ '7.0.0', '6.2.0' ],
784 silly audit   xcode: [ '3.0.1' ],
784 silly audit   xml2js: [ '0.6.0' ],
784 silly audit   xmlbuilder: [ '11.0.1', '15.1.1' ],
784 silly audit   y18n: [ '5.0.8', '4.0.3' ],
784 silly audit   yallist: [ '3.1.1' ],
784 silly audit   yaml: [ '2.9.0' ],
784 silly audit   yargs: [ '17.7.3', '15.4.1' ],
784 silly audit   'yargs-parser': [ '21.1.1', '18.1.3' ],
784 silly audit   zod: [ '3.25.76' ],
784 silly audit   '@react-native-community/cli': [ '20.2.0' ],
784 silly audit   '@react-native-community/cli-clean': [ '20.2.0' ],
784 silly audit   '@react-native-community/cli-config': [ '20.2.0' ],
784 silly audit   '@react-native-community/cli-doctor': [ '20.2.0' ],
784 silly audit   '@react-native-community/cli-server-api': [ '20.2.0' ],
784 silly audit   '@react-native-community/cli-tools': [ '20.2.0' ],
784 silly audit   '@react-native-community/cli-types': [ '20.2.0' ],
784 silly audit   execa: [ '5.1.1' ],
784 silly audit   'find-up': [ '5.0.0', '4.1.0' ],
784 silly audit   'fs-extra': [ '8.1.0' ],
784 silly audit   'fast-glob': [ '3.3.3' ],
784 silly audit   cosmiconfig: [ '9.0.2' ],
784 silly audit   joi: [ '17.13.6' ],
784 silly audit   '@react-native-community/cli-platform-android': [ '20.2.0' ],
784 silly audit   '@react-native-community/cli-platform-apple': [ '20.2.0' ],
784 silly audit   '@react-native-community/cli-platform-ios': [ '20.2.0' ],
784 silly audit   'command-exists': [ '1.2.9' ],
784 silly audit   envinfo: [ '7.21.0' ],
784 silly audit   'node-stream-zip': [ '1.16.0' ],
784 silly audit   '@react-native-community/cli-config-android': [ '20.2.0' ],
784 silly audit   logkitty: [ '0.7.1' ],
784 silly audit   'fast-xml-parser': [ '5.11.1' ],
784 silly audit   '@react-native-community/cli-config-apple': [ '20.2.0' ],
784 silly audit   'body-parser': [ '2.3.0' ],
784 silly audit   errorhandler: [ '1.5.2' ],
784 silly audit   nocache: [ '3.0.4' ],
784 silly audit   '@vscode/sudo-prompt': [ '9.3.2' ],
784 silly audit   appdirsjs: [ '1.2.8' ],
784 silly audit   'launch-editor': [ '2.14.1' ],
784 silly audit   'iconv-lite': [ '0.7.3' ],
784 silly audit   qs: [ '6.15.3' ],
784 silly audit   'raw-body': [ '3.0.2' ],
784 silly audit   'type-is': [ '2.1.0' ],
784 silly audit   'env-paths': [ '2.2.1' ],
784 silly audit   'import-fresh': [ '3.3.1' ],
784 silly audit   'parse-json': [ '5.2.0' ],
784 silly audit   'get-stream': [ '6.0.1' ],
784 silly audit   'human-signals': [ '2.1.0' ],
784 silly audit   'is-stream': [ '2.0.1' ],
784 silly audit   'npm-run-path': [ '4.0.1' ],
784 silly audit   'strip-final-newline': [ '2.0.0' ],
784 silly audit   '@nodelib/fs.stat': [ '2.0.5' ],
784 silly audit   '@nodelib/fs.walk': [ '1.2.8' ],
784 silly audit   'glob-parent': [ '5.1.2' ],
784 silly audit   merge2: [ '1.4.1' ],
784 silly audit   '@nodelib/fs.scandir': [ '2.1.5' ],
784 silly audit   fastq: [ '1.20.1' ],
784 silly audit   'run-parallel': [ '1.2.0' ],
784 silly audit   '@nodable/entities': [ '3.0.0' ],
784 silly audit   'fast-xml-builder': [ '1.3.1' ],
784 silly audit   'is-unsafe': [ '2.0.2' ],
784 silly audit   'path-expression-matcher': [ '1.6.2' ],
784 silly audit   strnum: [ '2.4.2' ],
784 silly audit   'xml-naming': [ '0.3.0' ],
784 silly audit   reusify: [ '1.1.0' ],
784 silly audit   'locate-path': [ '6.0.0', '5.0.0' ],
784 silly audit   'path-exists': [ '4.0.0' ],
784 silly audit   jsonfile: [ '4.0.0' ],
784 silly audit   universalify: [ '0.1.2' ],
784 silly audit   'is-glob': [ '4.0.3' ],
784 silly audit   'safer-buffer': [ '2.1.2' ],
784 silly audit   'parent-module': [ '1.0.1' ],
784 silly audit   'is-extglob': [ '2.1.1' ],
784 silly audit   '@hapi/hoek': [ '9.3.0' ],
784 silly audit   '@hapi/topo': [ '5.1.0' ],
784 silly audit   '@sideway/address': [ '4.1.5' ],
784 silly audit   '@sideway/formula': [ '3.0.1' ],
784 silly audit   '@sideway/pinpoint': [ '2.0.0' ],
784 silly audit   'p-locate': [ '5.0.0', '4.1.0' ],
784 silly audit   'ansi-fragments': [ '0.2.1' ],
784 silly audit   dayjs: [ '1.11.23' ],
784 silly audit   colorette: [ '1.4.0' ],
784 silly audit   'slice-ansi': [ '2.1.0' ],
784 silly audit   'p-limit': [ '3.1.0', '2.3.0' ],
784 silly audit   'yocto-queue': [ '0.1.0' ],
784 silly audit   callsites: [ '3.1.0' ],
784 silly audit   'error-ex': [ '1.3.4' ],
784 silly audit   'json-parse-even-better-errors': [ '2.3.1' ],
784 silly audit   'lines-and-columns': [ '1.2.4' ],
784 silly audit   'es-define-property': [ '1.0.1' ],
784 silly audit   'side-channel': [ '1.1.1' ],
784 silly audit   'queue-microtask': [ '1.2.3' ],
784 silly audit   'object-inspect': [ '1.13.4' ],
784 silly audit   'side-channel-list': [ '1.0.1' ],
784 silly audit   'side-channel-map': [ '1.0.1' ],
784 silly audit   'side-channel-weakmap': [ '1.0.2' ],
784 silly audit   'call-bound': [ '1.0.4' ],
784 silly audit   'get-intrinsic': [ '1.3.0' ],
784 silly audit   'call-bind-apply-helpers': [ '1.0.2' ],
784 silly audit   'es-object-atoms': [ '1.1.2' ],
784 silly audit   'get-proto': [ '1.0.1' ],
784 silly audit   gopd: [ '1.2.0' ],
784 silly audit   'has-symbols': [ '1.1.0' ],
784 silly audit   'math-intrinsics': [ '1.1.0' ],
784 silly audit   'dunder-proto': [ '1.0.1' ],
784 silly audit   'astral-regex': [ '1.0.0' ],
784 silly audit   anynum: [ '1.0.1' ],
784 silly audit   'media-typer': [ '1.1.1' ],
784 silly audit   bl: [ '4.1.0' ],
784 silly audit   'is-interactive': [ '1.0.0' ],
784 silly audit   'is-unicode-supported': [ '0.1.0' ],
784 silly audit   buffer: [ '5.7.1' ],
784 silly audit   'readable-stream': [ '3.6.2' ],
784 silly audit   ieee754: [ '1.2.1' ],
784 silly audit   string_decoder: [ '1.3.0' ],
784 silly audit   'util-deprecate': [ '1.0.2' ],
784 silly audit   'async-limiter': [ '1.0.1' ],
784 silly audit   decamelize: [ '1.2.0' ],
784 silly audit   'require-main-filename': [ '2.0.0' ],
784 silly audit   'set-blocking': [ '2.0.0' ],
784 silly audit   'which-module': [ '2.0.1' ],
784 silly audit   'p-try': [ '2.2.0' ]
784 silly audit }
785 http cache p-try@https://registry.npmjs.org/p-try/-/p-try-2.2.0.tgz 0ms (cache hit)
786 http cache set-blocking@https://registry.npmjs.org/set-blocking/-/set-blocking-2.0.0.tgz 0ms (cache hit)
787 http cache which-module@https://registry.npmjs.org/which-module/-/which-module-2.0.1.tgz 0ms (cache hit)
788 http cache require-main-filename@https://registry.npmjs.org/require-main-filename/-/require-main-filename-2.0.0.tgz 0ms (cache hit)
789 http cache async-limiter@https://registry.npmjs.org/async-limiter/-/async-limiter-1.0.1.tgz 0ms (cache hit)
790 http cache decamelize@https://registry.npmjs.org/decamelize/-/decamelize-1.2.0.tgz 0ms (cache hit)
791 http cache util-deprecate@https://registry.npmjs.org/util-deprecate/-/util-deprecate-1.0.2.tgz 0ms (cache hit)
792 http cache string_decoder@https://registry.npmjs.org/string_decoder/-/string_decoder-1.3.0.tgz 0ms (cache hit)
793 http cache readable-stream@https://registry.npmjs.org/readable-stream/-/readable-stream-3.6.2.tgz 0ms (cache hit)
794 http cache ieee754@https://registry.npmjs.org/ieee754/-/ieee754-1.2.1.tgz 1ms (cache hit)
795 http cache buffer@https://registry.npmjs.org/buffer/-/buffer-5.7.1.tgz 0ms (cache hit)
796 http cache is-interactive@https://registry.npmjs.org/is-interactive/-/is-interactive-1.0.0.tgz 0ms (cache hit)
797 http cache bl@https://registry.npmjs.org/bl/-/bl-4.1.0.tgz 0ms (cache hit)
798 http cache media-typer@https://registry.npmjs.org/media-typer/-/media-typer-1.1.1.tgz 0ms (cache hit)
799 http cache math-intrinsics@https://registry.npmjs.org/math-intrinsics/-/math-intrinsics-1.1.0.tgz 0ms (cache hit)
800 http cache dunder-proto@https://registry.npmjs.org/dunder-proto/-/dunder-proto-1.0.1.tgz 0ms (cache hit)
801 http cache is-unicode-supported@https://registry.npmjs.org/is-unicode-supported/-/is-unicode-supported-0.1.0.tgz 0ms (cache hit)
802 http cache anynum@https://registry.npmjs.org/anynum/-/anynum-1.0.1.tgz 1ms (cache hit)
803 http cache astral-regex@https://registry.npmjs.org/astral-regex/-/astral-regex-1.0.0.tgz 0ms (cache hit)
804 http cache es-object-atoms@https://registry.npmjs.org/es-object-atoms/-/es-object-atoms-1.1.2.tgz 0ms (cache hit)
805 http cache get-proto@https://registry.npmjs.org/get-proto/-/get-proto-1.0.1.tgz 0ms (cache hit)
806 http cache has-symbols@https://registry.npmjs.org/has-symbols/-/has-symbols-1.1.0.tgz 0ms (cache hit)
807 http cache call-bind-apply-helpers@https://registry.npmjs.org/call-bind-apply-helpers/-/call-bind-apply-helpers-1.0.2.tgz 0ms (cache hit)
808 http cache get-intrinsic@https://registry.npmjs.org/get-intrinsic/-/get-intrinsic-1.3.0.tgz 0ms (cache hit)
809 http cache gopd@https://registry.npmjs.org/gopd/-/gopd-1.2.0.tgz 0ms (cache hit)
810 http cache side-channel-weakmap@https://registry.npmjs.org/side-channel-weakmap/-/side-channel-weakmap-1.0.2.tgz 0ms (cache hit)
811 http cache call-bound@https://registry.npmjs.org/call-bound/-/call-bound-1.0.4.tgz 0ms (cache hit)
812 http cache side-channel-map@https://registry.npmjs.org/side-channel-map/-/side-channel-map-1.0.1.tgz 0ms (cache hit)
813 http cache side-channel-list@https://registry.npmjs.org/side-channel-list/-/side-channel-list-1.0.1.tgz 0ms (cache hit)
814 http cache queue-microtask@https://registry.npmjs.org/queue-microtask/-/queue-microtask-1.2.3.tgz 0ms (cache hit)
815 http cache object-inspect@https://registry.npmjs.org/object-inspect/-/object-inspect-1.13.4.tgz 0ms (cache hit)
816 http cache es-define-property@https://registry.npmjs.org/es-define-property/-/es-define-property-1.0.1.tgz 0ms (cache hit)
817 http cache json-parse-even-better-errors@https://registry.npmjs.org/json-parse-even-better-errors/-/json-parse-even-better-errors-2.3.1.tgz 0ms (cache hit)
818 http cache lines-and-columns@https://registry.npmjs.org/lines-and-columns/-/lines-and-columns-1.2.4.tgz 0ms (cache hit)
819 http cache side-channel@https://registry.npmjs.org/side-channel/-/side-channel-1.1.1.tgz 0ms (cache hit)
820 http cache error-ex@https://registry.npmjs.org/error-ex/-/error-ex-1.3.4.tgz 0ms (cache hit)
821 http cache callsites@https://registry.npmjs.org/callsites/-/callsites-3.1.0.tgz 0ms (cache hit)
822 http cache yocto-queue@https://registry.npmjs.org/yocto-queue/-/yocto-queue-0.1.0.tgz 0ms (cache hit)
823 http cache slice-ansi@https://registry.npmjs.org/slice-ansi/-/slice-ansi-2.1.0.tgz 0ms (cache hit)
824 http cache colorette@https://registry.npmjs.org/colorette/-/colorette-1.4.0.tgz 0ms (cache hit)
825 http cache p-limit@https://registry.npmjs.org/p-limit/-/p-limit-3.1.0.tgz 0ms (cache hit)
826 http cache dayjs@https://registry.npmjs.org/dayjs/-/dayjs-1.11.23.tgz 0ms (cache hit)
827 http cache @sideway/pinpoint@https://registry.npmjs.org/@sideway/pinpoint/-/pinpoint-2.0.0.tgz 0ms (cache hit)
828 http cache @sideway/address@https://registry.npmjs.org/@sideway/address/-/address-4.1.5.tgz 0ms (cache hit)
829 http cache ansi-fragments@https://registry.npmjs.org/ansi-fragments/-/ansi-fragments-0.2.1.tgz 0ms (cache hit)
830 http cache p-locate@https://registry.npmjs.org/p-locate/-/p-locate-5.0.0.tgz 0ms (cache hit)
831 http cache @hapi/topo@https://registry.npmjs.org/@hapi/topo/-/topo-5.1.0.tgz 0ms (cache hit)
832 http cache is-extglob@https://registry.npmjs.org/is-extglob/-/is-extglob-2.1.1.tgz 0ms (cache hit)
833 http cache @hapi/hoek@https://registry.npmjs.org/@hapi/hoek/-/hoek-9.3.0.tgz 0ms (cache hit)
834 http cache safer-buffer@https://registry.npmjs.org/safer-buffer/-/safer-buffer-2.1.2.tgz 0ms (cache hit)
835 http cache parent-module@https://registry.npmjs.org/parent-module/-/parent-module-1.0.1.tgz 0ms (cache hit)
836 http cache @sideway/formula@https://registry.npmjs.org/@sideway/formula/-/formula-3.0.1.tgz 0ms (cache hit)
837 http cache is-glob@https://registry.npmjs.org/is-glob/-/is-glob-4.0.3.tgz 0ms (cache hit)
838 http cache universalify@https://registry.npmjs.org/universalify/-/universalify-0.1.2.tgz 0ms (cache hit)
839 http cache jsonfile@https://registry.npmjs.org/jsonfile/-/jsonfile-4.0.0.tgz 1ms (cache hit)
840 http cache reusify@https://registry.npmjs.org/reusify/-/reusify-1.1.0.tgz 0ms (cache hit)
841 http cache path-exists@https://registry.npmjs.org/path-exists/-/path-exists-4.0.0.tgz 0ms (cache hit)
842 http cache xml-naming@https://registry.npmjs.org/xml-naming/-/xml-naming-0.3.0.tgz 0ms (cache hit)
843 http cache strnum@https://registry.npmjs.org/strnum/-/strnum-2.4.2.tgz 0ms (cache hit)
844 http cache locate-path@https://registry.npmjs.org/locate-path/-/locate-path-6.0.0.tgz 0ms (cache hit)
845 http cache is-unsafe@https://registry.npmjs.org/is-unsafe/-/is-unsafe-2.0.2.tgz 0ms (cache hit)
846 http cache @nodable/entities@https://registry.npmjs.org/@nodable/entities/-/entities-3.0.0.tgz 0ms (cache hit)
847 http cache path-expression-matcher@https://registry.npmjs.org/path-expression-matcher/-/path-expression-matcher-1.6.2.tgz 0ms (cache hit)
848 http cache @nodelib/fs.scandir@https://registry.npmjs.org/@nodelib/fs.scandir/-/fs.scandir-2.1.5.tgz 0ms (cache hit)
849 http cache fast-xml-builder@https://registry.npmjs.org/fast-xml-builder/-/fast-xml-builder-1.3.1.tgz 0ms (cache hit)
850 http cache run-parallel@https://registry.npmjs.org/run-parallel/-/run-parallel-1.2.0.tgz 0ms (cache hit)
851 http cache @nodelib/fs.walk@https://registry.npmjs.org/@nodelib/fs.walk/-/fs.walk-1.2.8.tgz 0ms (cache hit)
852 http cache @nodelib/fs.stat@https://registry.npmjs.org/@nodelib/fs.stat/-/fs.stat-2.0.5.tgz 0ms (cache hit)
853 http cache fastq@https://registry.npmjs.org/fastq/-/fastq-1.20.1.tgz 1ms (cache hit)
854 http cache glob-parent@https://registry.npmjs.org/glob-parent/-/glob-parent-5.1.2.tgz 0ms (cache hit)
855 http cache merge2@https://registry.npmjs.org/merge2/-/merge2-1.4.1.tgz 0ms (cache hit)
856 http cache npm-run-path@https://registry.npmjs.org/npm-run-path/-/npm-run-path-4.0.1.tgz 0ms (cache hit)
857 http cache strip-final-newline@https://registry.npmjs.org/strip-final-newline/-/strip-final-newline-2.0.0.tgz 0ms (cache hit)
858 http cache human-signals@https://registry.npmjs.org/human-signals/-/human-signals-2.1.0.tgz 0ms (cache hit)
859 http cache is-stream@https://registry.npmjs.org/is-stream/-/is-stream-2.0.1.tgz 0ms (cache hit)
860 http cache get-stream@https://registry.npmjs.org/get-stream/-/get-stream-6.0.1.tgz 0ms (cache hit)
861 http cache parse-json@https://registry.npmjs.org/parse-json/-/parse-json-5.2.0.tgz 1ms (cache hit)
862 http cache import-fresh@https://registry.npmjs.org/import-fresh/-/import-fresh-3.3.1.tgz 0ms (cache hit)
863 http cache env-paths@https://registry.npmjs.org/env-paths/-/env-paths-2.2.1.tgz 0ms (cache hit)
864 http cache type-is@https://registry.npmjs.org/type-is/-/type-is-2.1.0.tgz 0ms (cache hit)
865 http cache raw-body@https://registry.npmjs.org/raw-body/-/raw-body-3.0.2.tgz 0ms (cache hit)
866 http cache @vscode/sudo-prompt@https://registry.npmjs.org/@vscode/sudo-prompt/-/sudo-prompt-9.3.2.tgz 0ms (cache hit)
867 http cache iconv-lite@https://registry.npmjs.org/iconv-lite/-/iconv-lite-0.7.3.tgz 0ms (cache hit)
868 http cache launch-editor@https://registry.npmjs.org/launch-editor/-/launch-editor-2.14.1.tgz 0ms (cache hit)
869 http cache appdirsjs@https://registry.npmjs.org/appdirsjs/-/appdirsjs-1.2.8.tgz 0ms (cache hit)
870 http cache errorhandler@https://registry.npmjs.org/errorhandler/-/errorhandler-1.5.2.tgz 0ms (cache hit)
871 http cache @react-native-community/cli-config-apple@https://registry.npmjs.org/@react-native-community/cli-config-apple/-/cli-config-apple-20.2.0.tgz 0ms (cache hit)
872 http cache nocache@https://registry.npmjs.org/nocache/-/nocache-3.0.4.tgz 0ms (cache hit)
873 http cache body-parser@https://registry.npmjs.org/body-parser/-/body-parser-2.3.0.tgz 0ms (cache hit)
874 http cache @react-native-community/cli-config-android@https://registry.npmjs.org/@react-native-community/cli-config-android/-/cli-config-android-20.2.0.tgz 0ms (cache hit)
875 http cache qs@https://registry.npmjs.org/qs/-/qs-6.15.3.tgz 0ms (cache hit)
876 http cache logkitty@https://registry.npmjs.org/logkitty/-/logkitty-0.7.1.tgz 0ms (cache hit)
877 http cache node-stream-zip@https://registry.npmjs.org/node-stream-zip/-/node-stream-zip-1.16.0.tgz 0ms (cache hit)
878 http cache fast-xml-parser@https://registry.npmjs.org/fast-xml-parser/-/fast-xml-parser-5.11.1.tgz 0ms (cache hit)
879 http cache envinfo@https://registry.npmjs.org/envinfo/-/envinfo-7.21.0.tgz 0ms (cache hit)
880 http cache @react-native-community/cli-platform-android@https://registry.npmjs.org/@react-native-community/cli-platform-android/-/cli-platform-android-20.2.0.tgz 1ms (cache hit)
881 http cache @react-native-community/cli-platform-apple@https://registry.npmjs.org/@react-native-community/cli-platform-apple/-/cli-platform-apple-20.2.0.tgz 0ms (cache hit)
882 http cache joi@https://registry.npmjs.org/joi/-/joi-17.13.6.tgz 0ms (cache hit)
883 http cache cosmiconfig@https://registry.npmjs.org/cosmiconfig/-/cosmiconfig-9.0.2.tgz 1ms (cache hit)
884 http cache fast-glob@https://registry.npmjs.org/fast-glob/-/fast-glob-3.3.3.tgz 0ms (cache hit)
885 http cache command-exists@https://registry.npmjs.org/command-exists/-/command-exists-1.2.9.tgz 0ms (cache hit)
886 http cache fs-extra@https://registry.npmjs.org/fs-extra/-/fs-extra-8.1.0.tgz 0ms (cache hit)
887 http cache @react-native-community/cli-platform-ios@https://registry.npmjs.org/@react-native-community/cli-platform-ios/-/cli-platform-ios-20.2.0.tgz 0ms (cache hit)
888 http cache find-up@https://registry.npmjs.org/find-up/-/find-up-5.0.0.tgz 0ms (cache hit)
889 http cache @react-native-community/cli-tools@https://registry.npmjs.org/@react-native-community/cli-tools/-/cli-tools-20.2.0.tgz 0ms (cache hit)
890 http cache execa@https://registry.npmjs.org/execa/-/execa-5.1.1.tgz 0ms (cache hit)
891 http cache @react-native-community/cli-types@https://registry.npmjs.org/@react-native-community/cli-types/-/cli-types-20.2.0.tgz 0ms (cache hit)
892 http cache @react-native-community/cli-doctor@https://registry.npmjs.org/@react-native-community/cli-doctor/-/cli-doctor-20.2.0.tgz 0ms (cache hit)
893 http cache @react-native-community/cli-server-api@https://registry.npmjs.org/@react-native-community/cli-server-api/-/cli-server-api-20.2.0.tgz 0ms (cache hit)
894 http cache @react-native-community/cli-config@https://registry.npmjs.org/@react-native-community/cli-config/-/cli-config-20.2.0.tgz 0ms (cache hit)
895 http cache @react-native-community/cli-clean@https://registry.npmjs.org/@react-native-community/cli-clean/-/cli-clean-20.2.0.tgz 0ms (cache hit)
896 http cache @react-native-community/cli@https://registry.npmjs.org/@react-native-community/cli/-/cli-20.2.0.tgz 0ms (cache hit)
897 http cache color-name@https://registry.npmjs.org/color-name/-/color-name-1.1.3.tgz 0ms (cache hit)
898 http cache is-arrayish@https://registry.npmjs.org/is-arrayish/-/is-arrayish-0.2.1.tgz 0ms (cache hit)
899 http cache color-convert@https://registry.npmjs.org/color-convert/-/color-convert-1.9.3.tgz 1ms (cache hit)
900 http cache ansi-regex@https://registry.npmjs.org/ansi-regex/-/ansi-regex-4.1.1.tgz 0ms (cache hit)
901 http cache strip-ansi@https://registry.npmjs.org/strip-ansi/-/strip-ansi-5.2.0.tgz 0ms (cache hit)
902 http cache ansi-styles@https://registry.npmjs.org/ansi-styles/-/ansi-styles-3.2.1.tgz 0ms (cache hit)
903 http cache resolve-from@https://registry.npmjs.org/resolve-from/-/resolve-from-4.0.0.tgz 0ms (cache hit)
904 http cache mime-db@https://registry.npmjs.org/mime-db/-/mime-db-1.52.0.tgz 0ms (cache hit)
905 http cache is-fullwidth-code-point@https://registry.npmjs.org/is-fullwidth-code-point/-/is-fullwidth-code-point-2.0.0.tgz 0ms (cache hit)
906 http cache negotiator@https://registry.npmjs.org/negotiator/-/negotiator-0.6.3.tgz 0ms (cache hit)
907 http cache mime-types@https://registry.npmjs.org/mime-types/-/mime-types-2.1.35.tgz 0ms (cache hit)
908 http cache accepts@https://registry.npmjs.org/accepts/-/accepts-1.3.8.tgz 0ms (cache hit)
909 http cache camelcase@https://registry.npmjs.org/camelcase/-/camelcase-5.3.1.tgz 0ms (cache hit)
910 http cache p-limit@https://registry.npmjs.org/p-limit/-/p-limit-2.3.0.tgz 0ms (cache hit)
911 http cache on-finished@https://registry.npmjs.org/on-finished/-/on-finished-2.4.1.tgz 0ms (cache hit)
912 http cache p-locate@https://registry.npmjs.org/p-locate/-/p-locate-4.1.0.tgz 0ms (cache hit)
913 http cache locate-path@https://registry.npmjs.org/locate-path/-/locate-path-5.0.0.tgz 0ms (cache hit)
914 http cache wrap-ansi@https://registry.npmjs.org/wrap-ansi/-/wrap-ansi-6.2.0.tgz 0ms (cache hit)
915 http cache yargs-parser@https://registry.npmjs.org/yargs-parser/-/yargs-parser-18.1.3.tgz 0ms (cache hit)
916 http cache y18n@https://registry.npmjs.org/y18n/-/y18n-4.0.3.tgz 0ms (cache hit)
917 http cache find-up@https://registry.npmjs.org/find-up/-/find-up-4.1.0.tgz 0ms (cache hit)
918 http cache mimic-fn@https://registry.npmjs.org/mimic-fn/-/mimic-fn-2.1.0.tgz 0ms (cache hit)
919 http cache yargs@https://registry.npmjs.org/yargs/-/yargs-15.4.1.tgz 0ms (cache hit)
920 http cache cliui@https://registry.npmjs.org/cliui/-/cliui-6.0.0.tgz 0ms (cache hit)
921 http cache onetime@https://registry.npmjs.org/onetime/-/onetime-5.1.2.tgz 0ms (cache hit)
922 http cache mimic-fn@https://registry.npmjs.org/mimic-fn/-/mimic-fn-2.1.0.tgz 0ms (cache hit)
923 http cache onetime@https://registry.npmjs.org/onetime/-/onetime-5.1.2.tgz 1ms (cache hit)
924 http cache restore-cursor@https://registry.npmjs.org/restore-cursor/-/restore-cursor-3.1.0.tgz 0ms (cache hit)
925 http cache log-symbols@https://registry.npmjs.org/log-symbols/-/log-symbols-4.1.0.tgz 0ms (cache hit)
926 http cache cli-cursor@https://registry.npmjs.org/cli-cursor/-/cli-cursor-3.1.0.tgz 0ms (cache hit)
927 http cache ora@https://registry.npmjs.org/ora/-/ora-5.4.1.tgz 0ms (cache hit)
928 http cache is-wsl@https://registry.npmjs.org/is-wsl/-/is-wsl-1.1.0.tgz 0ms (cache hit)
929 http cache mimic-fn@https://registry.npmjs.org/mimic-fn/-/mimic-fn-2.1.0.tgz 0ms (cache hit)
930 http cache ws@https://registry.npmjs.org/ws/-/ws-6.2.6.tgz 0ms (cache hit)
931 http cache open@https://registry.npmjs.org/open/-/open-6.4.0.tgz 0ms (cache hit)
932 http cache onetime@https://registry.npmjs.org/onetime/-/onetime-5.1.2.tgz 0ms (cache hit)
933 http cache mime@https://registry.npmjs.org/mime/-/mime-2.6.0.tgz 0ms (cache hit)
934 http cache restore-cursor@https://registry.npmjs.org/restore-cursor/-/restore-cursor-3.1.0.tgz 0ms (cache hit)
935 http cache log-symbols@https://registry.npmjs.org/log-symbols/-/log-symbols-4.1.0.tgz 0ms (cache hit)
936 http cache cli-cursor@https://registry.npmjs.org/cli-cursor/-/cli-cursor-3.1.0.tgz 0ms (cache hit)
937 http cache ora@https://registry.npmjs.org/ora/-/ora-5.4.1.tgz 0ms (cache hit)
938 silly tarball no local data for p-try@https://registry.npmjs.org/p-try/-/p-try-2.2.0.tgz. Extracting by manifest.
939 silly tarball no local data for set-blocking@https://registry.npmjs.org/set-blocking/-/set-blocking-2.0.0.tgz. Extracting by manifest.
940 http cache commander@https://registry.npmjs.org/commander/-/commander-9.5.0.tgz 0ms (cache hit)
941 silly tarball no local data for which-module@https://registry.npmjs.org/which-module/-/which-module-2.0.1.tgz. Extracting by manifest.
942 silly tarball no local data for require-main-filename@https://registry.npmjs.org/require-main-filename/-/require-main-filename-2.0.0.tgz. Extracting by manifest.
943 silly tarball no local data for async-limiter@https://registry.npmjs.org/async-limiter/-/async-limiter-1.0.1.tgz. Extracting by manifest.
944 silly tarball no local data for decamelize@https://registry.npmjs.org/decamelize/-/decamelize-1.2.0.tgz. Extracting by manifest.
945 silly tarball no local data for util-deprecate@https://registry.npmjs.org/util-deprecate/-/util-deprecate-1.0.2.tgz. Extracting by manifest.
946 silly tarball no local data for string_decoder@https://registry.npmjs.org/string_decoder/-/string_decoder-1.3.0.tgz. Extracting by manifest.
947 silly tarball no local data for readable-stream@https://registry.npmjs.org/readable-stream/-/readable-stream-3.6.2.tgz. Extracting by manifest.
948 silly tarball no local data for ieee754@https://registry.npmjs.org/ieee754/-/ieee754-1.2.1.tgz. Extracting by manifest.
949 silly tarball no local data for buffer@https://registry.npmjs.org/buffer/-/buffer-5.7.1.tgz. Extracting by manifest.
950 silly tarball no local data for is-interactive@https://registry.npmjs.org/is-interactive/-/is-interactive-1.0.0.tgz. Extracting by manifest.
951 silly tarball no local data for bl@https://registry.npmjs.org/bl/-/bl-4.1.0.tgz. Extracting by manifest.
952 silly tarball no local data for media-typer@https://registry.npmjs.org/media-typer/-/media-typer-1.1.1.tgz. Extracting by manifest.
953 silly tarball no local data for math-intrinsics@https://registry.npmjs.org/math-intrinsics/-/math-intrinsics-1.1.0.tgz. Extracting by manifest.
954 silly tarball no local data for dunder-proto@https://registry.npmjs.org/dunder-proto/-/dunder-proto-1.0.1.tgz. Extracting by manifest.
955 silly tarball no local data for is-unicode-supported@https://registry.npmjs.org/is-unicode-supported/-/is-unicode-supported-0.1.0.tgz. Extracting by manifest.
956 silly tarball no local data for anynum@https://registry.npmjs.org/anynum/-/anynum-1.0.1.tgz. Extracting by manifest.
957 silly tarball no local data for astral-regex@https://registry.npmjs.org/astral-regex/-/astral-regex-1.0.0.tgz. Extracting by manifest.
958 silly tarball no local data for es-object-atoms@https://registry.npmjs.org/es-object-atoms/-/es-object-atoms-1.1.2.tgz. Extracting by manifest.
959 silly tarball no local data for get-proto@https://registry.npmjs.org/get-proto/-/get-proto-1.0.1.tgz. Extracting by manifest.
960 silly tarball no local data for has-symbols@https://registry.npmjs.org/has-symbols/-/has-symbols-1.1.0.tgz. Extracting by manifest.
961 silly tarball no local data for call-bind-apply-helpers@https://registry.npmjs.org/call-bind-apply-helpers/-/call-bind-apply-helpers-1.0.2.tgz. Extracting by manifest.
962 silly tarball no local data for get-intrinsic@https://registry.npmjs.org/get-intrinsic/-/get-intrinsic-1.3.0.tgz. Extracting by manifest.
963 silly tarball no local data for gopd@https://registry.npmjs.org/gopd/-/gopd-1.2.0.tgz. Extracting by manifest.
964 silly tarball no local data for side-channel-weakmap@https://registry.npmjs.org/side-channel-weakmap/-/side-channel-weakmap-1.0.2.tgz. Extracting by manifest.
965 silly tarball no local data for call-bound@https://registry.npmjs.org/call-bound/-/call-bound-1.0.4.tgz. Extracting by manifest.
966 silly tarball no local data for side-channel-map@https://registry.npmjs.org/side-channel-map/-/side-channel-map-1.0.1.tgz. Extracting by manifest.
967 silly tarball no local data for side-channel-list@https://registry.npmjs.org/side-channel-list/-/side-channel-list-1.0.1.tgz. Extracting by manifest.
968 silly tarball no local data for queue-microtask@https://registry.npmjs.org/queue-microtask/-/queue-microtask-1.2.3.tgz. Extracting by manifest.
969 silly tarball no local data for object-inspect@https://registry.npmjs.org/object-inspect/-/object-inspect-1.13.4.tgz. Extracting by manifest.
970 silly tarball no local data for es-define-property@https://registry.npmjs.org/es-define-property/-/es-define-property-1.0.1.tgz. Extracting by manifest.
971 silly tarball no local data for json-parse-even-better-errors@https://registry.npmjs.org/json-parse-even-better-errors/-/json-parse-even-better-errors-2.3.1.tgz. Extracting by manifest.
972 silly tarball no local data for lines-and-columns@https://registry.npmjs.org/lines-and-columns/-/lines-and-columns-1.2.4.tgz. Extracting by manifest.
973 silly tarball no local data for side-channel@https://registry.npmjs.org/side-channel/-/side-channel-1.1.1.tgz. Extracting by manifest.
974 silly tarball no local data for error-ex@https://registry.npmjs.org/error-ex/-/error-ex-1.3.4.tgz. Extracting by manifest.
975 silly tarball no local data for callsites@https://registry.npmjs.org/callsites/-/callsites-3.1.0.tgz. Extracting by manifest.
976 silly tarball no local data for yocto-queue@https://registry.npmjs.org/yocto-queue/-/yocto-queue-0.1.0.tgz. Extracting by manifest.
977 silly tarball no local data for slice-ansi@https://registry.npmjs.org/slice-ansi/-/slice-ansi-2.1.0.tgz. Extracting by manifest.
978 silly tarball no local data for colorette@https://registry.npmjs.org/colorette/-/colorette-1.4.0.tgz. Extracting by manifest.
979 silly tarball no local data for p-limit@https://registry.npmjs.org/p-limit/-/p-limit-3.1.0.tgz. Extracting by manifest.
980 silly tarball no local data for dayjs@https://registry.npmjs.org/dayjs/-/dayjs-1.11.23.tgz. Extracting by manifest.
981 silly tarball no local data for @sideway/pinpoint@https://registry.npmjs.org/@sideway/pinpoint/-/pinpoint-2.0.0.tgz. Extracting by manifest.
982 silly tarball no local data for @sideway/address@https://registry.npmjs.org/@sideway/address/-/address-4.1.5.tgz. Extracting by manifest.
983 silly tarball no local data for ansi-fragments@https://registry.npmjs.org/ansi-fragments/-/ansi-fragments-0.2.1.tgz. Extracting by manifest.
984 silly tarball no local data for p-locate@https://registry.npmjs.org/p-locate/-/p-locate-5.0.0.tgz. Extracting by manifest.
985 silly tarball no local data for @hapi/topo@https://registry.npmjs.org/@hapi/topo/-/topo-5.1.0.tgz. Extracting by manifest.
986 silly tarball no local data for is-extglob@https://registry.npmjs.org/is-extglob/-/is-extglob-2.1.1.tgz. Extracting by manifest.
987 silly tarball no local data for @hapi/hoek@https://registry.npmjs.org/@hapi/hoek/-/hoek-9.3.0.tgz. Extracting by manifest.
988 silly tarball no local data for safer-buffer@https://registry.npmjs.org/safer-buffer/-/safer-buffer-2.1.2.tgz. Extracting by manifest.
989 silly tarball no local data for parent-module@https://registry.npmjs.org/parent-module/-/parent-module-1.0.1.tgz. Extracting by manifest.
990 silly tarball no local data for @sideway/formula@https://registry.npmjs.org/@sideway/formula/-/formula-3.0.1.tgz. Extracting by manifest.
991 silly tarball no local data for is-glob@https://registry.npmjs.org/is-glob/-/is-glob-4.0.3.tgz. Extracting by manifest.
992 silly tarball no local data for universalify@https://registry.npmjs.org/universalify/-/universalify-0.1.2.tgz. Extracting by manifest.
993 silly tarball no local data for jsonfile@https://registry.npmjs.org/jsonfile/-/jsonfile-4.0.0.tgz. Extracting by manifest.
994 silly tarball no local data for reusify@https://registry.npmjs.org/reusify/-/reusify-1.1.0.tgz. Extracting by manifest.
995 silly tarball no local data for path-exists@https://registry.npmjs.org/path-exists/-/path-exists-4.0.0.tgz. Extracting by manifest.
996 silly tarball no local data for xml-naming@https://registry.npmjs.org/xml-naming/-/xml-naming-0.3.0.tgz. Extracting by manifest.
997 silly tarball no local data for strnum@https://registry.npmjs.org/strnum/-/strnum-2.4.2.tgz. Extracting by manifest.
998 silly tarball no local data for locate-path@https://registry.npmjs.org/locate-path/-/locate-path-6.0.0.tgz. Extracting by manifest.
999 silly tarball no local data for is-unsafe@https://registry.npmjs.org/is-unsafe/-/is-unsafe-2.0.2.tgz. Extracting by manifest.
1000 silly tarball no local data for @nodable/entities@https://registry.npmjs.org/@nodable/entities/-/entities-3.0.0.tgz. Extracting by manifest.
1001 silly tarball no local data for path-expression-matcher@https://registry.npmjs.org/path-expression-matcher/-/path-expression-matcher-1.6.2.tgz. Extracting by manifest.
1002 silly tarball no local data for @nodelib/fs.scandir@https://registry.npmjs.org/@nodelib/fs.scandir/-/fs.scandir-2.1.5.tgz. Extracting by manifest.
1003 silly tarball no local data for fast-xml-builder@https://registry.npmjs.org/fast-xml-builder/-/fast-xml-builder-1.3.1.tgz. Extracting by manifest.
1004 silly tarball no local data for run-parallel@https://registry.npmjs.org/run-parallel/-/run-parallel-1.2.0.tgz. Extracting by manifest.
1005 silly tarball no local data for @nodelib/fs.walk@https://registry.npmjs.org/@nodelib/fs.walk/-/fs.walk-1.2.8.tgz. Extracting by manifest.
1006 silly tarball no local data for @nodelib/fs.stat@https://registry.npmjs.org/@nodelib/fs.stat/-/fs.stat-2.0.5.tgz. Extracting by manifest.
1007 silly tarball no local data for fastq@https://registry.npmjs.org/fastq/-/fastq-1.20.1.tgz. Extracting by manifest.
1008 silly tarball no local data for glob-parent@https://registry.npmjs.org/glob-parent/-/glob-parent-5.1.2.tgz. Extracting by manifest.
1009 silly tarball no local data for merge2@https://registry.npmjs.org/merge2/-/merge2-1.4.1.tgz. Extracting by manifest.
1010 silly tarball no local data for npm-run-path@https://registry.npmjs.org/npm-run-path/-/npm-run-path-4.0.1.tgz. Extracting by manifest.
1011 silly tarball no local data for strip-final-newline@https://registry.npmjs.org/strip-final-newline/-/strip-final-newline-2.0.0.tgz. Extracting by manifest.
1012 silly tarball no local data for human-signals@https://registry.npmjs.org/human-signals/-/human-signals-2.1.0.tgz. Extracting by manifest.
1013 silly tarball no local data for is-stream@https://registry.npmjs.org/is-stream/-/is-stream-2.0.1.tgz. Extracting by manifest.
1014 silly tarball no local data for get-stream@https://registry.npmjs.org/get-stream/-/get-stream-6.0.1.tgz. Extracting by manifest.
1015 silly tarball no local data for parse-json@https://registry.npmjs.org/parse-json/-/parse-json-5.2.0.tgz. Extracting by manifest.
1016 silly tarball no local data for import-fresh@https://registry.npmjs.org/import-fresh/-/import-fresh-3.3.1.tgz. Extracting by manifest.
1017 silly tarball no local data for env-paths@https://registry.npmjs.org/env-paths/-/env-paths-2.2.1.tgz. Extracting by manifest.
1018 silly tarball no local data for type-is@https://registry.npmjs.org/type-is/-/type-is-2.1.0.tgz. Extracting by manifest.
1019 silly tarball no local data for raw-body@https://registry.npmjs.org/raw-body/-/raw-body-3.0.2.tgz. Extracting by manifest.
1020 silly tarball no local data for @vscode/sudo-prompt@https://registry.npmjs.org/@vscode/sudo-prompt/-/sudo-prompt-9.3.2.tgz. Extracting by manifest.
1021 silly tarball no local data for iconv-lite@https://registry.npmjs.org/iconv-lite/-/iconv-lite-0.7.3.tgz. Extracting by manifest.
1022 silly tarball no local data for launch-editor@https://registry.npmjs.org/launch-editor/-/launch-editor-2.14.1.tgz. Extracting by manifest.
1023 silly tarball no local data for appdirsjs@https://registry.npmjs.org/appdirsjs/-/appdirsjs-1.2.8.tgz. Extracting by manifest.
1024 silly tarball no local data for errorhandler@https://registry.npmjs.org/errorhandler/-/errorhandler-1.5.2.tgz. Extracting by manifest.
1025 silly tarball no local data for @react-native-community/cli-config-apple@https://registry.npmjs.org/@react-native-community/cli-config-apple/-/cli-config-apple-20.2.0.tgz. Extracting by manifest.
1026 silly tarball no local data for nocache@https://registry.npmjs.org/nocache/-/nocache-3.0.4.tgz. Extracting by manifest.
1027 silly tarball no local data for body-parser@https://registry.npmjs.org/body-parser/-/body-parser-2.3.0.tgz. Extracting by manifest.
1028 silly tarball no local data for @react-native-community/cli-config-android@https://registry.npmjs.org/@react-native-community/cli-config-android/-/cli-config-android-20.2.0.tgz. Extracting by manifest.
1029 silly tarball no local data for qs@https://registry.npmjs.org/qs/-/qs-6.15.3.tgz. Extracting by manifest.
1030 silly tarball no local data for logkitty@https://registry.npmjs.org/logkitty/-/logkitty-0.7.1.tgz. Extracting by manifest.
1031 silly tarball no local data for node-stream-zip@https://registry.npmjs.org/node-stream-zip/-/node-stream-zip-1.16.0.tgz. Extracting by manifest.
1032 silly tarball no local data for fast-xml-parser@https://registry.npmjs.org/fast-xml-parser/-/fast-xml-parser-5.11.1.tgz. Extracting by manifest.
1033 silly tarball no local data for envinfo@https://registry.npmjs.org/envinfo/-/envinfo-7.21.0.tgz. Extracting by manifest.
1034 silly tarball no local data for @react-native-community/cli-platform-android@https://registry.npmjs.org/@react-native-community/cli-platform-android/-/cli-platform-android-20.2.0.tgz. Extracting by manifest.
1035 silly tarball no local data for joi@https://registry.npmjs.org/joi/-/joi-17.13.6.tgz. Extracting by manifest.
1036 silly tarball no local data for @react-native-community/cli-platform-apple@https://registry.npmjs.org/@react-native-community/cli-platform-apple/-/cli-platform-apple-20.2.0.tgz. Extracting by manifest.
1037 silly tarball no local data for cosmiconfig@https://registry.npmjs.org/cosmiconfig/-/cosmiconfig-9.0.2.tgz. Extracting by manifest.
1038 silly tarball no local data for fast-glob@https://registry.npmjs.org/fast-glob/-/fast-glob-3.3.3.tgz. Extracting by manifest.
1039 silly tarball no local data for command-exists@https://registry.npmjs.org/command-exists/-/command-exists-1.2.9.tgz. Extracting by manifest.
1040 silly tarball no local data for fs-extra@https://registry.npmjs.org/fs-extra/-/fs-extra-8.1.0.tgz. Extracting by manifest.
1041 silly tarball no local data for @react-native-community/cli-platform-ios@https://registry.npmjs.org/@react-native-community/cli-platform-ios/-/cli-platform-ios-20.2.0.tgz. Extracting by manifest.
1042 silly tarball no local data for find-up@https://registry.npmjs.org/find-up/-/find-up-5.0.0.tgz. Extracting by manifest.
1043 silly tarball no local data for @react-native-community/cli-tools@https://registry.npmjs.org/@react-native-community/cli-tools/-/cli-tools-20.2.0.tgz. Extracting by manifest.
1044 silly tarball no local data for execa@https://registry.npmjs.org/execa/-/execa-5.1.1.tgz. Extracting by manifest.
1045 silly tarball no local data for @react-native-community/cli-types@https://registry.npmjs.org/@react-native-community/cli-types/-/cli-types-20.2.0.tgz. Extracting by manifest.
1046 silly tarball no local data for @react-native-community/cli-doctor@https://registry.npmjs.org/@react-native-community/cli-doctor/-/cli-doctor-20.2.0.tgz. Extracting by manifest.
1047 silly tarball no local data for @react-native-community/cli-server-api@https://registry.npmjs.org/@react-native-community/cli-server-api/-/cli-server-api-20.2.0.tgz. Extracting by manifest.
1048 silly tarball no local data for @react-native-community/cli-config@https://registry.npmjs.org/@react-native-community/cli-config/-/cli-config-20.2.0.tgz. Extracting by manifest.
1049 silly tarball no local data for @react-native-community/cli-clean@https://registry.npmjs.org/@react-native-community/cli-clean/-/cli-clean-20.2.0.tgz. Extracting by manifest.
1050 silly tarball no local data for @react-native-community/cli@https://registry.npmjs.org/@react-native-community/cli/-/cli-20.2.0.tgz. Extracting by manifest.
1051 silly tarball no local data for color-name@https://registry.npmjs.org/color-name/-/color-name-1.1.3.tgz. Extracting by manifest.
1052 silly tarball no local data for is-arrayish@https://registry.npmjs.org/is-arrayish/-/is-arrayish-0.2.1.tgz. Extracting by manifest.
1053 silly tarball no local data for color-convert@https://registry.npmjs.org/color-convert/-/color-convert-1.9.3.tgz. Extracting by manifest.
1054 silly tarball no local data for ansi-regex@https://registry.npmjs.org/ansi-regex/-/ansi-regex-4.1.1.tgz. Extracting by manifest.
1055 silly tarball no local data for strip-ansi@https://registry.npmjs.org/strip-ansi/-/strip-ansi-5.2.0.tgz. Extracting by manifest.
1056 silly tarball no local data for ansi-styles@https://registry.npmjs.org/ansi-styles/-/ansi-styles-3.2.1.tgz. Extracting by manifest.
1057 silly tarball no local data for resolve-from@https://registry.npmjs.org/resolve-from/-/resolve-from-4.0.0.tgz. Extracting by manifest.
1058 silly tarball no local data for mime-db@https://registry.npmjs.org/mime-db/-/mime-db-1.52.0.tgz. Extracting by manifest.
1059 silly tarball no local data for is-fullwidth-code-point@https://registry.npmjs.org/is-fullwidth-code-point/-/is-fullwidth-code-point-2.0.0.tgz. Extracting by manifest.
1060 silly tarball no local data for negotiator@https://registry.npmjs.org/negotiator/-/negotiator-0.6.3.tgz. Extracting by manifest.
1061 silly tarball no local data for mime-types@https://registry.npmjs.org/mime-types/-/mime-types-2.1.35.tgz. Extracting by manifest.
1062 silly tarball no local data for accepts@https://registry.npmjs.org/accepts/-/accepts-1.3.8.tgz. Extracting by manifest.
1063 silly tarball no local data for camelcase@https://registry.npmjs.org/camelcase/-/camelcase-5.3.1.tgz. Extracting by manifest.
1064 silly tarball no local data for p-limit@https://registry.npmjs.org/p-limit/-/p-limit-2.3.0.tgz. Extracting by manifest.
1065 silly tarball no local data for on-finished@https://registry.npmjs.org/on-finished/-/on-finished-2.4.1.tgz. Extracting by manifest.
1066 silly tarball no local data for p-locate@https://registry.npmjs.org/p-locate/-/p-locate-4.1.0.tgz. Extracting by manifest.
1067 silly tarball no local data for locate-path@https://registry.npmjs.org/locate-path/-/locate-path-5.0.0.tgz. Extracting by manifest.
1068 silly tarball no local data for wrap-ansi@https://registry.npmjs.org/wrap-ansi/-/wrap-ansi-6.2.0.tgz. Extracting by manifest.
1069 silly tarball no local data for yargs-parser@https://registry.npmjs.org/yargs-parser/-/yargs-parser-18.1.3.tgz. Extracting by manifest.
1070 silly tarball no local data for y18n@https://registry.npmjs.org/y18n/-/y18n-4.0.3.tgz. Extracting by manifest.
1071 silly tarball no local data for find-up@https://registry.npmjs.org/find-up/-/find-up-4.1.0.tgz. Extracting by manifest.
1072 silly tarball no local data for mimic-fn@https://registry.npmjs.org/mimic-fn/-/mimic-fn-2.1.0.tgz. Extracting by manifest.
1073 silly tarball no local data for yargs@https://registry.npmjs.org/yargs/-/yargs-15.4.1.tgz. Extracting by manifest.
1074 silly tarball no local data for cliui@https://registry.npmjs.org/cliui/-/cliui-6.0.0.tgz. Extracting by manifest.
1075 silly tarball no local data for onetime@https://registry.npmjs.org/onetime/-/onetime-5.1.2.tgz. Extracting by manifest.
1076 silly tarball no local data for mimic-fn@https://registry.npmjs.org/mimic-fn/-/mimic-fn-2.1.0.tgz. Extracting by manifest.
1077 silly tarball no local data for onetime@https://registry.npmjs.org/onetime/-/onetime-5.1.2.tgz. Extracting by manifest.
1078 silly tarball no local data for restore-cursor@https://registry.npmjs.org/restore-cursor/-/restore-cursor-3.1.0.tgz. Extracting by manifest.
1079 silly tarball no local data for log-symbols@https://registry.npmjs.org/log-symbols/-/log-symbols-4.1.0.tgz. Extracting by manifest.
1080 silly tarball no local data for cli-cursor@https://registry.npmjs.org/cli-cursor/-/cli-cursor-3.1.0.tgz. Extracting by manifest.
1081 silly tarball no local data for ora@https://registry.npmjs.org/ora/-/ora-5.4.1.tgz. Extracting by manifest.
1082 silly tarball no local data for is-wsl@https://registry.npmjs.org/is-wsl/-/is-wsl-1.1.0.tgz. Extracting by manifest.
1083 silly tarball no local data for mimic-fn@https://registry.npmjs.org/mimic-fn/-/mimic-fn-2.1.0.tgz. Extracting by manifest.
1084 silly tarball no local data for ws@https://registry.npmjs.org/ws/-/ws-6.2.6.tgz. Extracting by manifest.
1085 silly tarball no local data for open@https://registry.npmjs.org/open/-/open-6.4.0.tgz. Extracting by manifest.
1086 silly tarball no local data for onetime@https://registry.npmjs.org/onetime/-/onetime-5.1.2.tgz. Extracting by manifest.
1087 silly tarball no local data for mime@https://registry.npmjs.org/mime/-/mime-2.6.0.tgz. Extracting by manifest.
1088 silly tarball no local data for restore-cursor@https://registry.npmjs.org/restore-cursor/-/restore-cursor-3.1.0.tgz. Extracting by manifest.
1089 silly tarball no local data for log-symbols@https://registry.npmjs.org/log-symbols/-/log-symbols-4.1.0.tgz. Extracting by manifest.
1090 silly tarball no local data for cli-cursor@https://registry.npmjs.org/cli-cursor/-/cli-cursor-3.1.0.tgz. Extracting by manifest.
1091 silly tarball no local data for ora@https://registry.npmjs.org/ora/-/ora-5.4.1.tgz. Extracting by manifest.
1092 silly tarball no local data for commander@https://registry.npmjs.org/commander/-/commander-9.5.0.tgz. Extracting by manifest.
1093 http fetch POST 200 https://registry.npmjs.org/-/npm/v1/security/advisories/bulk 1533ms
1094 silly audit report {
1094 silly audit report   uuid: [
1094 silly audit report     {
1094 silly audit report       id: 1119441,
1094 silly audit report       url: 'https://github.com/advisories/GHSA-w5hq-g745-h8pq',
1094 silly audit report       title: 'uuid: Missing buffer bounds check in v3/v5/v6 when buf is provided',
1094 silly audit report       severity: 'moderate',
1094 silly audit report       vulnerable_versions: '<11.1.1',
1094 silly audit report       cwe: [Array],
1094 silly audit report       cvss: [Object]
1094 silly audit report     }
1094 silly audit report   ]
1094 silly audit report }
1095 silly packumentCache corgi:https://registry.npmjs.org/uuid cache-miss
1096 http fetch GET 200 https://registry.npmjs.org/p-try/-/p-try-2.2.0.tgz 1995ms (cache miss)
1097 http fetch GET 200 https://registry.npmjs.org/require-main-filename/-/require-main-filename-2.0.0.tgz 1984ms (cache miss)
1098 http fetch GET 200 https://registry.npmjs.org/decamelize/-/decamelize-1.2.0.tgz 1982ms (cache miss)
1099 http fetch GET 200 https://registry.npmjs.org/set-blocking/-/set-blocking-2.0.0.tgz 1995ms (cache miss)
1100 http fetch GET 200 https://registry.npmjs.org/which-module/-/which-module-2.0.1.tgz 1990ms (cache miss)
1101 http fetch GET 200 https://registry.npmjs.org/math-intrinsics/-/math-intrinsics-1.1.0.tgz 1951ms (cache miss)
1102 http fetch GET 200 https://registry.npmjs.org/dunder-proto/-/dunder-proto-1.0.1.tgz 2114ms (cache miss)
1103 http fetch GET 200 https://registry.npmjs.org/es-object-atoms/-/es-object-atoms-1.1.2.tgz 2092ms (cache miss)
1104 http fetch GET 200 https://registry.npmjs.org/get-proto/-/get-proto-1.0.1.tgz 2080ms (cache miss)
1105 http fetch GET 200 https://registry.npmjs.org/astral-regex/-/astral-regex-1.0.0.tgz 2098ms (cache miss)
1106 http fetch GET 200 https://registry.npmjs.org/has-symbols/-/has-symbols-1.1.0.tgz 2068ms (cache miss)
1107 http fetch GET 200 https://registry.npmjs.org/async-limiter/-/async-limiter-1.0.1.tgz 2232ms (cache miss)
1108 http fetch GET 200 https://registry.npmjs.org/is-unicode-supported/-/is-unicode-supported-0.1.0.tgz 2182ms (cache miss)
1109 http fetch GET 200 https://registry.npmjs.org/call-bind-apply-helpers/-/call-bind-apply-helpers-1.0.2.tgz 2134ms (cache miss)
1110 http fetch GET 200 https://registry.npmjs.org/anynum/-/anynum-1.0.1.tgz 2250ms (cache miss)
1111 http fetch GET 200 https://registry.npmjs.org/gopd/-/gopd-1.2.0.tgz 2201ms (cache miss)
1112 http fetch GET 200 https://registry.npmjs.org/get-intrinsic/-/get-intrinsic-1.3.0.tgz 2278ms (cache miss)
1113 http fetch GET 200 https://registry.npmjs.org/side-channel-list/-/side-channel-list-1.0.1.tgz 2250ms (cache miss)
1114 http fetch GET 200 https://registry.npmjs.org/call-bound/-/call-bound-1.0.4.tgz 2314ms (cache miss)
1115 http fetch GET 200 https://registry.npmjs.org/side-channel-weakmap/-/side-channel-weakmap-1.0.2.tgz 2330ms (cache miss)
1116 http fetch GET 200 https://registry.npmjs.org/queue-microtask/-/queue-microtask-1.2.3.tgz 2311ms (cache miss)
1117 http fetch GET 200 https://registry.npmjs.org/side-channel-map/-/side-channel-map-1.0.1.tgz 2434ms (cache miss)
1118 http fetch GET 200 https://registry.npmjs.org/es-define-property/-/es-define-property-1.0.1.tgz 2417ms (cache miss)
1119 http fetch GET 200 https://registry.npmjs.org/error-ex/-/error-ex-1.3.4.tgz 2416ms (cache miss)
1120 http fetch GET 200 https://registry.npmjs.org/slice-ansi/-/slice-ansi-2.1.0.tgz 2493ms (cache miss)
1121 http fetch GET 200 https://registry.npmjs.org/ieee754/-/ieee754-1.2.1.tgz 2699ms (cache miss)
1122 http fetch GET 200 https://registry.npmjs.org/json-parse-even-better-errors/-/json-parse-even-better-errors-2.3.1.tgz 2572ms (cache miss)
1123 http fetch GET 200 https://registry.npmjs.org/parent-module/-/parent-module-1.0.1.tgz 2492ms (cache miss)
1124 http fetch GET 200 https://registry.npmjs.org/lines-and-columns/-/lines-and-columns-1.2.4.tgz 2676ms (cache miss)
1125 http fetch GET 200 https://registry.npmjs.org/side-channel/-/side-channel-1.1.1.tgz 2675ms (cache miss)
1126 http fetch GET 200 https://registry.npmjs.org/is-extglob/-/is-extglob-2.1.1.tgz 2603ms (cache miss)
1127 http fetch GET 200 https://registry.npmjs.org/p-locate/-/p-locate-5.0.0.tgz 2616ms (cache miss)
1128 http fetch GET 200 https://registry.npmjs.org/yocto-queue/-/yocto-queue-0.1.0.tgz 2741ms (cache miss)
1129 http fetch GET 200 https://registry.npmjs.org/is-interactive/-/is-interactive-1.0.0.tgz 2950ms (cache miss)
1130 http fetch GET 200 https://registry.npmjs.org/callsites/-/callsites-3.1.0.tgz 2817ms (cache miss)
1131 http fetch GET 200 https://registry.npmjs.org/universalify/-/universalify-0.1.2.tgz 2734ms (cache miss)
1132 http fetch GET 200 https://registry.npmjs.org/strnum/-/strnum-2.4.2.tgz 2717ms (cache miss)
1133 http fetch GET 200 https://registry.npmjs.org/util-deprecate/-/util-deprecate-1.0.2.tgz 3095ms (cache miss)
1134 http fetch GET 200 https://registry.npmjs.org/string_decoder/-/string_decoder-1.3.0.tgz 3109ms (cache miss)
1135 http fetch GET 200 https://registry.npmjs.org/p-limit/-/p-limit-3.1.0.tgz 2927ms (cache miss)
1136 http fetch GET 200 https://registry.npmjs.org/locate-path/-/locate-path-6.0.0.tgz 3004ms (cache miss)
1137 http fetch GET 200 https://registry.npmjs.org/is-glob/-/is-glob-4.0.3.tgz 3116ms (cache miss)
1138 http fetch GET 200 https://registry.npmjs.org/@sideway/pinpoint/-/pinpoint-2.0.0.tgz 3164ms (cache miss)
1139 http fetch GET 200 https://registry.npmjs.org/@nodelib/fs.scandir/-/fs.scandir-2.1.5.tgz 3083ms (cache miss)
1140 http fetch GET 200 https://registry.npmjs.org/glob-parent/-/glob-parent-5.1.2.tgz 3085ms (cache miss)
1141 http fetch GET 200 https://registry.npmjs.org/colorette/-/colorette-1.4.0.tgz 3330ms (cache miss)
1142 http fetch GET 200 https://registry.npmjs.org/run-parallel/-/run-parallel-1.2.0.tgz 3220ms (cache miss)
1143 http fetch GET 200 https://registry.npmjs.org/@hapi/topo/-/topo-5.1.0.tgz 3288ms (cache miss)
1144 http fetch GET 200 https://registry.npmjs.org/path-exists/-/path-exists-4.0.0.tgz 3256ms (cache miss)
1145 http fetch GET 200 https://registry.npmjs.org/is-stream/-/is-stream-2.0.1.tgz 3201ms (cache miss)
1146 http fetch GET 200 https://registry.npmjs.org/npm-run-path/-/npm-run-path-4.0.1.tgz 3213ms (cache miss)
1147 http fetch GET 200 https://registry.npmjs.org/merge2/-/merge2-1.4.1.tgz 3336ms (cache miss)
1148 http fetch GET 200 https://registry.npmjs.org/parse-json/-/parse-json-5.2.0.tgz 3320ms (cache miss)
1149 http fetch GET 200 https://registry.npmjs.org/nocache/-/nocache-3.0.4.tgz 3544ms (cache miss)
1150 http fetch GET 200 https://registry.npmjs.org/media-typer/-/media-typer-1.1.1.tgz 3946ms (cache miss)
1151 http fetch GET 200 https://registry.npmjs.org/strip-final-newline/-/strip-final-newline-2.0.0.tgz 3665ms (cache miss)
1152 http fetch GET 200 https://registry.npmjs.org/raw-body/-/raw-body-3.0.2.tgz 3634ms (cache miss)
1153 http fetch GET 200 https://registry.npmjs.org/import-fresh/-/import-fresh-3.3.1.tgz 3696ms (cache miss)
1154 http fetch GET 200 https://registry.npmjs.org/body-parser/-/body-parser-2.3.0.tgz 3641ms (cache miss)
1155 http fetch GET 200 https://registry.npmjs.org/launch-editor/-/launch-editor-2.14.1.tgz 3712ms (cache miss)
1156 http fetch GET 200 https://registry.npmjs.org/env-paths/-/env-paths-2.2.1.tgz 3731ms (cache miss)
1157 http fetch GET 200 https://registry.npmjs.org/appdirsjs/-/appdirsjs-1.2.8.tgz 3713ms (cache miss)
1158 http fetch GET 200 https://registry.npmjs.org/safer-buffer/-/safer-buffer-2.1.2.tgz 3898ms (cache miss)
1159 http fetch GET 200 https://registry.npmjs.org/jsonfile/-/jsonfile-4.0.0.tgz 3935ms (cache miss)
1160 http fetch GET 200 https://registry.npmjs.org/get-stream/-/get-stream-6.0.1.tgz 3900ms (cache miss)
1161 http fetch GET 200 https://registry.npmjs.org/find-up/-/find-up-5.0.0.tgz 3798ms (cache miss)
1162 http fetch GET 200 https://registry.npmjs.org/is-arrayish/-/is-arrayish-0.2.1.tgz 3736ms (cache miss)
1163 http fetch GET 200 https://registry.npmjs.org/ansi-regex/-/ansi-regex-4.1.1.tgz 3772ms (cache miss)
1164 http fetch GET 200 https://registry.npmjs.org/strip-ansi/-/strip-ansi-5.2.0.tgz 3771ms (cache miss)
1165 http fetch GET 200 https://registry.npmjs.org/uuid 3201ms (cache revalidated)
1166 silly packumentCache corgi:https://registry.npmjs.org/uuid set size:84321 disposed:false
1167 silly packumentCache corgi:https://registry.npmjs.org/xcode cache-miss
1168 http fetch GET 200 https://registry.npmjs.org/@sideway/formula/-/formula-3.0.1.tgz 4073ms (cache miss)
1169 http fetch GET 200 https://registry.npmjs.org/resolve-from/-/resolve-from-4.0.0.tgz 3844ms (cache miss)
1170 http fetch GET 200 https://registry.npmjs.org/mime-types/-/mime-types-2.1.35.tgz 3819ms (cache miss)
1171 http fetch GET 200 https://registry.npmjs.org/@react-native-community/cli-clean/-/cli-clean-20.2.0.tgz 3895ms (cache miss)
1172 http fetch GET 200 https://registry.npmjs.org/accepts/-/accepts-1.3.8.tgz 3819ms (cache miss)
1173 http fetch GET 200 https://registry.npmjs.org/xml-naming/-/xml-naming-0.3.0.tgz 4123ms (cache miss)
1174 http fetch GET 200 https://registry.npmjs.org/ansi-styles/-/ansi-styles-3.2.1.tgz 3882ms (cache miss)
1175 http fetch GET 200 https://registry.npmjs.org/on-finished/-/on-finished-2.4.1.tgz 3826ms (cache miss)
1176 http fetch GET 200 https://registry.npmjs.org/p-limit/-/p-limit-2.3.0.tgz 3840ms (cache miss)
1177 http fetch GET 200 https://registry.npmjs.org/p-locate/-/p-locate-4.1.0.tgz 3831ms (cache miss)
1178 http fetch GET 200 https://registry.npmjs.org/locate-path/-/locate-path-5.0.0.tgz 3830ms (cache miss)
1179 http fetch GET 200 https://registry.npmjs.org/type-is/-/type-is-2.1.0.tgz 4078ms (cache miss)
1180 http fetch GET 200 https://registry.npmjs.org/is-fullwidth-code-point/-/is-fullwidth-code-point-2.0.0.tgz 3904ms (cache miss)
1181 http fetch GET 200 https://registry.npmjs.org/camelcase/-/camelcase-5.3.1.tgz 3883ms (cache miss)
1182 http fetch GET 200 https://registry.npmjs.org/wrap-ansi/-/wrap-ansi-6.2.0.tgz 3860ms (cache miss)
1183 http fetch GET 200 https://registry.npmjs.org/cliui/-/cliui-6.0.0.tgz 3838ms (cache miss)
1184 http fetch GET 200 https://registry.npmjs.org/restore-cursor/-/restore-cursor-3.1.0.tgz 3863ms (cache miss)
1185 http fetch GET 200 https://registry.npmjs.org/is-wsl/-/is-wsl-1.1.0.tgz 3853ms (cache miss)
1186 http fetch GET 200 https://registry.npmjs.org/log-symbols/-/log-symbols-4.1.0.tgz 3865ms (cache miss)
1187 http fetch GET 200 https://registry.npmjs.org/onetime/-/onetime-5.1.2.tgz 3906ms (cache miss)
1188 http fetch GET 200 https://registry.npmjs.org/y18n/-/y18n-4.0.3.tgz 3964ms (cache miss)
1189 http fetch GET 200 https://registry.npmjs.org/cli-cursor/-/cli-cursor-3.1.0.tgz 3931ms (cache miss)
1190 http fetch GET 200 https://registry.npmjs.org/onetime/-/onetime-5.1.2.tgz 3955ms (cache miss)
1191 http fetch GET 200 https://registry.npmjs.org/onetime/-/onetime-5.1.2.tgz 3939ms (cache miss)
1192 http fetch GET 200 https://registry.npmjs.org/mimic-fn/-/mimic-fn-2.1.0.tgz 3980ms (cache miss)
1193 http fetch GET 200 https://registry.npmjs.org/cli-cursor/-/cli-cursor-3.1.0.tgz 3954ms (cache miss)
1194 http fetch GET 200 https://registry.npmjs.org/restore-cursor/-/restore-cursor-3.1.0.tgz 3963ms (cache miss)
1195 http fetch GET 200 https://registry.npmjs.org/find-up/-/find-up-4.1.0.tgz 4014ms (cache miss)
1196 http fetch GET 200 https://registry.npmjs.org/log-symbols/-/log-symbols-4.1.0.tgz 3965ms (cache miss)
1197 http fetch GET 200 https://registry.npmjs.org/ora/-/ora-5.4.1.tgz 3989ms (cache miss)
1198 http fetch GET 200 https://registry.npmjs.org/node-stream-zip/-/node-stream-zip-1.16.0.tgz 4224ms (cache miss)
1199 http fetch GET 200 https://registry.npmjs.org/mimic-fn/-/mimic-fn-2.1.0.tgz 4033ms (cache miss)
1200 http fetch GET 200 https://registry.npmjs.org/mimic-fn/-/mimic-fn-2.1.0.tgz 4015ms (cache miss)
1201 http fetch GET 200 https://registry.npmjs.org/ora/-/ora-5.4.1.tgz 4000ms (cache miss)
1202 http fetch GET 200 https://registry.npmjs.org/errorhandler/-/errorhandler-1.5.2.tgz 4288ms (cache miss)
1203 http fetch GET 200 https://registry.npmjs.org/color-name/-/color-name-1.1.3.tgz 4164ms (cache miss)
1204 http fetch GET 200 https://registry.npmjs.org/buffer/-/buffer-5.7.1.tgz 4640ms (cache miss)
1205 http fetch GET 200 https://registry.npmjs.org/color-convert/-/color-convert-1.9.3.tgz 4176ms (cache miss)
1206 http fetch GET 200 https://registry.npmjs.org/open/-/open-6.4.0.tgz 4117ms (cache miss)
1207 http fetch GET 200 https://registry.npmjs.org/yargs-parser/-/yargs-parser-18.1.3.tgz 4207ms (cache miss)
1208 http fetch GET 200 https://registry.npmjs.org/envinfo/-/envinfo-7.21.0.tgz 4384ms (cache miss)
1209 http fetch GET 200 https://registry.npmjs.org/@vscode/sudo-prompt/-/sudo-prompt-9.3.2.tgz 4442ms (cache miss)
1210 http fetch GET 200 https://registry.npmjs.org/mime-db/-/mime-db-1.52.0.tgz 4376ms (cache miss)
1211 http fetch GET 200 https://registry.npmjs.org/bl/-/bl-4.1.0.tgz 4880ms (cache miss)
1212 http fetch GET 200 https://registry.npmjs.org/negotiator/-/negotiator-0.6.3.tgz 4412ms (cache miss)
1213 http fetch GET 200 https://registry.npmjs.org/command-exists/-/command-exists-1.2.9.tgz 4524ms (cache miss)
1214 http fetch GET 200 https://registry.npmjs.org/xcode 683ms (cache revalidated)
1215 silly packumentCache corgi:https://registry.npmjs.org/xcode set size:1850340 disposed:false
1216 silly packumentCache corgi:https://registry.npmjs.org/@expo%2fconfig-plugins cache-miss
1217 http fetch GET 200 https://registry.npmjs.org/reusify/-/reusify-1.1.0.tgz 4973ms (cache miss)
1218 http fetch GET 200 https://registry.npmjs.org/mime/-/mime-2.6.0.tgz 4590ms (cache miss)
1219 http fetch GET 200 https://registry.npmjs.org/@sideway/address/-/address-4.1.5.tgz 5033ms (cache miss)
1220 http fetch GET 200 https://registry.npmjs.org/fastq/-/fastq-1.20.1.tgz 4962ms (cache miss)
1221 http fetch GET 200 https://registry.npmjs.org/execa/-/execa-5.1.1.tgz 4848ms (cache miss)
1222 http fetch GET 200 https://registry.npmjs.org/@nodable/entities/-/entities-3.0.0.tgz 5053ms (cache miss)
1223 http fetch GET 200 https://registry.npmjs.org/human-signals/-/human-signals-2.1.0.tgz 5177ms (cache miss)
1224 http fetch GET 200 https://registry.npmjs.org/commander/-/commander-9.5.0.tgz 4896ms (cache miss)
1225 http fetch GET 200 https://registry.npmjs.org/@nodelib/fs.stat/-/fs.stat-2.0.5.tgz 5252ms (cache miss)
1226 http fetch GET 200 https://registry.npmjs.org/is-unsafe/-/is-unsafe-2.0.2.tgz 5284ms (cache miss)
1227 http fetch GET 200 https://registry.npmjs.org/path-expression-matcher/-/path-expression-matcher-1.6.2.tgz 5290ms (cache miss)
1228 http fetch GET 200 https://registry.npmjs.org/@react-native-community/cli-types/-/cli-types-20.2.0.tgz 5123ms (cache miss)
1229 http fetch GET 200 https://registry.npmjs.org/fast-xml-builder/-/fast-xml-builder-1.3.1.tgz 5294ms (cache miss)
1230 http fetch GET 200 https://registry.npmjs.org/ws/-/ws-6.2.6.tgz 4963ms (cache miss)
1231 http fetch GET 200 https://registry.npmjs.org/cosmiconfig/-/cosmiconfig-9.0.2.tgz 5274ms (cache miss)
1232 http fetch GET 200 https://registry.npmjs.org/qs/-/qs-6.15.3.tgz 5300ms (cache miss)
1233 http fetch GET 200 https://registry.npmjs.org/@expo%2fconfig-plugins 557ms (cache revalidated)
1234 silly packumentCache corgi:https://registry.npmjs.org/@expo%2fconfig-plugins set size:444453 disposed:false
1235 silly packumentCache corgi:https://registry.npmjs.org/@expo%2fconfig cache-miss
1236 silly packumentCache corgi:https://registry.npmjs.org/@expo%2finline-modules cache-miss
1237 silly packumentCache corgi:https://registry.npmjs.org/@expo%2fprebuild-config cache-miss
1238 silly packumentCache corgi:https://registry.npmjs.org/expo cache-miss
1239 silly packumentCache corgi:https://registry.npmjs.org/expo-splash-screen cache-miss
1240 silly packumentCache corgi:https://registry.npmjs.org/@expo%2fcli cache-miss
1241 http fetch GET 200 https://registry.npmjs.org/@nodelib/fs.walk/-/fs.walk-1.2.8.tgz 5869ms (cache miss)
1242 http fetch GET 200 https://registry.npmjs.org/object-inspect/-/object-inspect-1.13.4.tgz 6034ms (cache miss)
1243 http fetch GET 200 https://registry.npmjs.org/expo 405ms (cache revalidated)
1244 silly packumentCache corgi:https://registry.npmjs.org/expo set size:1862943 disposed:false
1245 http fetch GET 200 https://registry.npmjs.org/expo-splash-screen 492ms (cache revalidated)
1246 silly packumentCache corgi:https://registry.npmjs.org/expo-splash-screen set size:305367 disposed:false
1247 http fetch GET 200 https://registry.npmjs.org/@expo%2fprebuild-config 573ms (cache revalidated)
1248 silly packumentCache corgi:https://registry.npmjs.org/@expo%2fprebuild-config set size:424092 disposed:false
1249 http fetch GET 200 https://registry.npmjs.org/@expo%2fconfig 648ms (cache revalidated)
1250 silly packumentCache corgi:https://registry.npmjs.org/@expo%2fconfig set size:571805 disposed:false
1251 http fetch GET 200 https://registry.npmjs.org/@hapi/hoek/-/hoek-9.3.0.tgz 6235ms (cache miss)
1252 http fetch GET 200 https://registry.npmjs.org/@expo%2fcli 712ms (cache revalidated)
1253 silly packumentCache corgi:https://registry.npmjs.org/@expo%2fcli set size:1797303 disposed:false
1254 http fetch GET 200 https://registry.npmjs.org/readable-stream/-/readable-stream-3.6.2.tgz 6637ms (cache miss)
1255 http fetch GET 200 https://registry.npmjs.org/iconv-lite/-/iconv-lite-0.7.3.tgz 6337ms (cache miss)
1256 http fetch GET 200 https://registry.npmjs.org/@expo%2finline-modules 1026ms (cache revalidated)
1257 silly packumentCache corgi:https://registry.npmjs.org/@expo%2finline-modules set size:37724 disposed:false
1258 http fetch GET 200 https://registry.npmjs.org/@react-native-community/cli-platform-ios/-/cli-platform-ios-20.2.0.tgz 6742ms (cache miss)
1259 silly packumentCache corgi:https://registry.npmjs.org/@expo%2flocal-build-cache-provider cache-miss
1260 silly packumentCache corgi:https://registry.npmjs.org/@expo%2fmetro-config cache-miss
1261 http fetch GET 200 https://registry.npmjs.org/fs-extra/-/fs-extra-8.1.0.tgz 6987ms (cache miss)
1262 http fetch GET 200 https://registry.npmjs.org/@react-native-community/cli-server-api/-/cli-server-api-20.2.0.tgz 6963ms (cache miss)
1263 http fetch GET 200 https://registry.npmjs.org/@react-native-community/cli-config/-/cli-config-20.2.0.tgz 6966ms (cache miss)
1264 http fetch GET 200 https://registry.npmjs.org/ansi-fragments/-/ansi-fragments-0.2.1.tgz 7331ms (cache miss)
1265 http fetch GET 200 https://registry.npmjs.org/@expo%2fmetro-config 459ms (cache revalidated)
1266 silly packumentCache corgi:https://registry.npmjs.org/@expo%2fmetro-config set size:631470 disposed:false
1267 http fetch GET 200 https://registry.npmjs.org/joi/-/joi-17.13.6.tgz 7423ms (cache miss)
1268 http fetch GET 200 https://registry.npmjs.org/logkitty/-/logkitty-0.7.1.tgz 7563ms (cache miss)
1269 http fetch GET 200 https://registry.npmjs.org/@react-native-community/cli-config-android/-/cli-config-android-20.2.0.tgz 7610ms (cache miss)
1270 http fetch GET 200 https://registry.npmjs.org/@react-native-community/cli-config-apple/-/cli-config-apple-20.2.0.tgz 7644ms (cache miss)
1271 http fetch GET 200 https://registry.npmjs.org/fast-glob/-/fast-glob-3.3.3.tgz 7666ms (cache miss)
1272 http fetch GET 200 https://registry.npmjs.org/yargs/-/yargs-15.4.1.tgz 7559ms (cache miss)
1273 http fetch GET 200 https://registry.npmjs.org/@expo%2flocal-build-cache-provider 1026ms (cache revalidated)
1274 silly packumentCache corgi:https://registry.npmjs.org/@expo%2flocal-build-cache-provider set size:70716 disposed:false
1275 http fetch GET 200 https://registry.npmjs.org/fast-xml-parser/-/fast-xml-parser-5.11.1.tgz 8099ms (cache miss)
1276 http fetch GET 200 https://registry.npmjs.org/@react-native-community/cli-tools/-/cli-tools-20.2.0.tgz 8286ms (cache miss)
1277 http fetch GET 200 https://registry.npmjs.org/@react-native-community/cli-platform-android/-/cli-platform-android-20.2.0.tgz 8332ms (cache miss)
1278 http fetch GET 200 https://registry.npmjs.org/@react-native-community/cli/-/cli-20.2.0.tgz 8534ms (cache miss)
1279 http fetch GET 200 https://registry.npmjs.org/@react-native-community/cli-platform-apple/-/cli-platform-apple-20.2.0.tgz 8615ms (cache miss)
1280 http fetch GET 200 https://registry.npmjs.org/@react-native-community/cli-doctor/-/cli-doctor-20.2.0.tgz 8679ms (cache miss)
1281 http fetch GET 200 https://registry.npmjs.org/dayjs/-/dayjs-1.11.23.tgz 9872ms (cache miss)
1282 silly ADD node_modules/p-try
1283 silly ADD node_modules/which-module
1284 silly ADD node_modules/set-blocking
1285 silly ADD node_modules/require-main-filename
1286 silly ADD node_modules/decamelize
1287 silly ADD node_modules/async-limiter
1288 silly ADD node_modules/util-deprecate
1289 silly ADD node_modules/string_decoder
1290 silly ADD node_modules/ieee754
1291 silly ADD node_modules/readable-stream
1292 silly ADD node_modules/buffer
1293 silly ADD node_modules/is-unicode-supported
1294 silly ADD node_modules/is-interactive
1295 silly ADD node_modules/bl
1296 silly ADD node_modules/media-typer
1297 silly ADD node_modules/anynum
1298 silly ADD node_modules/astral-regex
1299 silly ADD node_modules/dunder-proto
1300 silly ADD node_modules/math-intrinsics
1301 silly ADD node_modules/has-symbols
1302 silly ADD node_modules/gopd
1303 silly ADD node_modules/get-proto
1304 silly ADD node_modules/es-object-atoms
1305 silly ADD node_modules/call-bind-apply-helpers
1306 silly ADD node_modules/get-intrinsic
1307 silly ADD node_modules/call-bound
1308 silly ADD node_modules/side-channel-weakmap
1309 silly ADD node_modules/side-channel-map
1310 silly ADD node_modules/side-channel-list
1311 silly ADD node_modules/object-inspect
1312 silly ADD node_modules/queue-microtask
1313 silly ADD node_modules/side-channel
1314 silly ADD node_modules/es-define-property
1315 silly ADD node_modules/lines-and-columns
1316 silly ADD node_modules/json-parse-even-better-errors
1317 silly ADD node_modules/error-ex
1318 silly ADD node_modules/error-ex/node_modules/is-arrayish
1319 silly ADD node_modules/callsites
1320 silly ADD node_modules/yocto-queue
1321 silly ADD node_modules/p-limit
1322 silly ADD node_modules/slice-ansi
1323 silly ADD node_modules/slice-ansi/node_modules/color-name
1324 silly ADD node_modules/slice-ansi/node_modules/color-convert
1325 silly ADD node_modules/slice-ansi/node_modules/is-fullwidth-code-point
1326 silly ADD node_modules/slice-ansi/node_modules/ansi-styles
1327 silly ADD node_modules/colorette
1328 silly ADD node_modules/dayjs
1329 silly ADD node_modules/ansi-fragments
1330 silly ADD node_modules/ansi-fragments/node_modules/ansi-regex
1331 silly ADD node_modules/ansi-fragments/node_modules/strip-ansi
1332 silly ADD node_modules/p-locate
1333 silly ADD node_modules/@sideway/pinpoint
1334 silly ADD node_modules/@sideway/formula
1335 silly ADD node_modules/@sideway/address
1336 silly ADD node_modules/@hapi/topo
1337 silly ADD node_modules/@hapi/hoek
1338 silly ADD node_modules/is-extglob
1339 silly ADD node_modules/parent-module
1340 silly ADD node_modules/safer-buffer
1341 silly ADD node_modules/is-glob
1342 silly ADD node_modules/universalify
1343 silly ADD node_modules/jsonfile
1344 silly ADD node_modules/path-exists
1345 silly ADD node_modules/locate-path
1346 silly ADD node_modules/reusify
1347 silly ADD node_modules/xml-naming
1348 silly ADD node_modules/strnum
1349 silly ADD node_modules/path-expression-matcher
1350 silly ADD node_modules/is-unsafe
1351 silly ADD node_modules/fast-xml-builder
1352 silly ADD node_modules/@nodable/entities
1353 silly ADD node_modules/run-parallel
1354 silly ADD node_modules/fastq
1355 silly ADD node_modules/@nodelib/fs.scandir
1356 silly ADD node_modules/merge2
1357 silly ADD node_modules/glob-parent
1358 silly ADD node_modules/@nodelib/fs.walk
1359 silly ADD node_modules/@nodelib/fs.stat
1360 silly ADD node_modules/strip-final-newline
1361 silly ADD node_modules/npm-run-path
1362 silly ADD node_modules/is-stream
1363 silly ADD node_modules/human-signals
1364 silly ADD node_modules/get-stream
1365 silly ADD node_modules/parse-json
1366 silly ADD node_modules/import-fresh
1367 silly ADD node_modules/import-fresh/node_modules/resolve-from
1368 silly ADD node_modules/env-paths
1369 silly ADD node_modules/type-is
1370 silly ADD node_modules/raw-body
1371 silly ADD node_modules/qs
1372 silly ADD node_modules/iconv-lite
1373 silly ADD node_modules/launch-editor
1374 silly ADD node_modules/appdirsjs
1375 silly ADD node_modules/@vscode/sudo-prompt
1376 silly ADD node_modules/nocache
1377 silly ADD node_modules/errorhandler
1378 silly ADD node_modules/errorhandler/node_modules/mime-db
1379 silly ADD node_modules/errorhandler/node_modules/negotiator
1380 silly ADD node_modules/errorhandler/node_modules/mime-types
1381 silly ADD node_modules/errorhandler/node_modules/accepts
1382 silly ADD node_modules/body-parser
1383 silly ADD node_modules/body-parser/node_modules/on-finished
1384 silly ADD node_modules/@react-native-community/cli-config-apple
1385 silly ADD node_modules/fast-xml-parser
1386 silly ADD node_modules/logkitty
1387 silly ADD node_modules/logkitty/node_modules/camelcase
1388 silly ADD node_modules/logkitty/node_modules/p-limit
1389 silly ADD node_modules/logkitty/node_modules/p-locate
1390 silly ADD node_modules/logkitty/node_modules/locate-path
1391 silly ADD node_modules/logkitty/node_modules/wrap-ansi
1392 silly ADD node_modules/logkitty/node_modules/yargs-parser
1393 silly ADD node_modules/logkitty/node_modules/y18n
1394 silly ADD node_modules/logkitty/node_modules/find-up
1395 silly ADD node_modules/logkitty/node_modules/cliui
1396 silly ADD node_modules/logkitty/node_modules/yargs
1397 silly ADD node_modules/@react-native-community/cli-config-android
1398 silly ADD node_modules/node-stream-zip
1399 silly ADD node_modules/envinfo
1400 silly ADD node_modules/command-exists
1401 silly ADD node_modules/@react-native-community/cli-platform-ios
1402 silly ADD node_modules/@react-native-community/cli-platform-apple
1403 silly ADD node_modules/@react-native-community/cli-platform-android
1404 silly ADD node_modules/joi
1405 silly ADD node_modules/cosmiconfig
1406 silly ADD node_modules/fast-glob
1407 silly ADD node_modules/fs-extra
1408 silly ADD node_modules/find-up
1409 silly ADD node_modules/execa
1410 silly ADD node_modules/execa/node_modules/mimic-fn
1411 silly ADD node_modules/execa/node_modules/onetime
1412 silly ADD node_modules/@react-native-community/cli-types
1413 silly ADD node_modules/@react-native-community/cli-tools
1414 silly ADD node_modules/@react-native-community/cli-tools/node_modules/mimic-fn
1415 silly ADD node_modules/@react-native-community/cli-tools/node_modules/onetime
1416 silly ADD node_modules/@react-native-community/cli-tools/node_modules/restore-cursor
1417 silly ADD node_modules/@react-native-community/cli-tools/node_modules/log-symbols
1418 silly ADD node_modules/@react-native-community/cli-tools/node_modules/cli-cursor
1419 silly ADD node_modules/@react-native-community/cli-tools/node_modules/ora
1420 silly ADD node_modules/@react-native-community/cli-tools/node_modules/mime
1421 silly ADD node_modules/@react-native-community/cli-server-api
1422 silly ADD node_modules/@react-native-community/cli-server-api/node_modules/is-wsl
1423 silly ADD node_modules/@react-native-community/cli-server-api/node_modules/ws
1424 silly ADD node_modules/@react-native-community/cli-server-api/node_modules/open
1425 silly ADD node_modules/@react-native-community/cli-doctor
1426 silly ADD node_modules/@react-native-community/cli-doctor/node_modules/mimic-fn
1427 silly ADD node_modules/@react-native-community/cli-doctor/node_modules/onetime
1428 silly ADD node_modules/@react-native-community/cli-doctor/node_modules/restore-cursor
1429 silly ADD node_modules/@react-native-community/cli-doctor/node_modules/log-symbols
1430 silly ADD node_modules/@react-native-community/cli-doctor/node_modules/cli-cursor
1431 silly ADD node_modules/@react-native-community/cli-doctor/node_modules/ora
1432 silly ADD node_modules/@react-native-community/cli-config
1433 silly ADD node_modules/@react-native-community/cli-clean
1434 silly ADD node_modules/@react-native-community/cli
1435 silly ADD node_modules/@react-native-community/cli/node_modules/commander
1436 silly REMOVE node_modules/@react-native/metro-config
1437 silly REMOVE node_modules/@react-native/metro-babel-transformer
1438 silly REMOVE node_modules/@react-native/metro-babel-transformer/node_modules/hermes-parser
1439 silly REMOVE node_modules/@react-native/metro-babel-transformer/node_modules/hermes-estree
1440 silly REMOVE node_modules/@react-native/babel-preset
1441 silly REMOVE node_modules/@react-native/babel-preset/node_modules/hermes-parser
1442 silly REMOVE node_modules/@react-native/babel-preset/node_modules/hermes-estree
1443 silly REMOVE node_modules/@react-native/babel-preset/node_modules/babel-plugin-syntax-hermes-parser
1444 silly REMOVE node_modules/@babel/plugin-transform-regenerator
1445 silly REMOVE node_modules/@babel/plugin-transform-react-jsx-source
1446 silly REMOVE node_modules/@babel/plugin-transform-react-jsx-self
1447 verbose cwd D:\Hackathons\Jynex\AgriSetu
1448 verbose os Windows_NT 10.0.26200
1449 verbose node v24.11.1
1450 verbose npm  v11.6.4
1451 verbose exit 0
1452 info ok
